<?xml version="1.0" encoding="UTF-8"?>

<beans xmlns="http://www.springframework.org/schema/beans"
	xmlns:batch="http://www.springframework.org/schema/batch" xmlns:jdbc="http://www.springframework.org/schema/jdbc"
	xmlns:xsi="http://www.w3.org/2001/XMLSchema-instance" xmlns:context="http://www.springframework.org/schema/context"
	xmlns:task="http://www.springframework.org/schema/task" xmlns:util="http://www.springframework.org/schema/util"
	xsi:schemaLocation="http://www.springframework.org/schema/jdbc http://www.springframework.org/schema/jdbc/spring-jdbc.xsd
		http://www.springframework.org/schema/beans http://www.springframework.org/schema/beans/spring-beans.xsd
		http://www.springframework.org/schema/batch http://www.springframework.org/schema/batch/spring-batch.xsd
		http://www.springframework.org/schema/context http://www.springframework.org/schema/context/spring-context.xsd
		http://www.springframework.org/schema/task  http://www.springframework.org/schema/task/spring-task.xsd
		http://www.springframework.org/schema/util http://www.springframework.org/schema/util/spring-util.xsd">


	<batch:job id="cppAnalysis">
	
	    <batch:step id="cleanCPPTableStep">
			<batch:tasklet ref="cleanCPPTableTasklet" />
			<batch:next on="COMPLETED" to="masterStepCpp" />
			<batch:end on="FAILED" />
		</batch:step>
		
		 

		<batch:step id="masterStepCpp" >
			<partition step="fetchProcessedDataForCPPAnalysis"
				partitioner="cppAccountPartitioner" >
				<handler grid-size="20" task-executor="taskExecutorCpp" />
			</partition>
			<batch:next on="COMPLETED" to="fetchUniquePANCount" />
			<batch:end on="FAILED" />
		</batch:step>
		<batch:step id="fetchUniquePANCount">
			<batch:tasklet ref="fetchUniquePANCountTasklet" />
		</batch:step>
	</batch:job>

	<batch:step id="fetchProcessedDataForCPPAnalysis">
		<tasklet>
			<chunk reader="cppItemReader" writer="cppFileItemWriter"
				commit-interval="100" />
		</tasklet>
	</batch:step>

	
	<bean id="fetchUniquePANCountTasklet" class="com.mastercard.ess.eds.core.util.UniquePANCountFetcher"/>
	<bean id="cleanCPPTableTasklet" class="com.mastercard.ess.eds.core.util.TruncateCPPData"/>
	
	 <bean id="uniquePANFetchDao"
		class="com.mastercard.ess.eds.core.dao.UniquePANFetchDAO">
		 <constructor-arg name="dataSource" ref="edsDataSource" />
	 </bean>
	 
	 <bean id="cppDao"
		class="com.mastercard.ess.eds.core.dao.CPPDAO">
		 <constructor-arg name="dataSource" ref="edsDataSource" />
	 </bean>

	<bean id="taskExecutorCpp"
		class="org.springframework.scheduling.concurrent.ThreadPoolTaskExecutor">
		<property name="corePoolSize" value="10" />
		<property name="maxPoolSize" value="20" />
		<property name="allowCoreThreadTimeOut" value="true" />
	</bean>

	<bean id="cppAccountPartitioner"
		class="com.mastercard.ess.eds.batch.partitioner.CppAccountPartitioner" scope="step" />


	<bean id="cppItemReader" class="com.mastercard.ess.eds.batch.reader.CPPTxnReader"
		scope="step">
		<property name="delegates">
			<array>
			<ref bean="cppAuthTxnReader1" />
			<ref bean="cppAuthTxnReader2" />
			<ref bean="cppAuthTxnReader3" />
			<ref bean="cppAuthTxnReader4" />

			<ref bean="cppDebitTxnReader1" />
		    <ref bean="cppDebitTxnReader2" />
		    <ref bean="cppDebitTxnReader3" />
		    <ref bean="cppDebitTxnReader4" />
		    
		    <ref bean="cppClearingTxnReader1" />
		    <ref bean="cppClearingTxnReader2" />
		    <ref bean="cppClearingTxnReader3" />
		    <ref bean="cppClearingTxnReader4" />
		    
			</array>
		</property>
	</bean>
	
	<bean id="cppAuthTxnReader1"
	      class="com.mastercard.ess.eds.batch.reader.CPPAuthTxnReader" scope="step">
	      <property name="dataSource" ref="primaryDWDataSource" />
	      <property name="sql">
		     <value>
					SELECT (CASE WHEN AUTH_ENC.ENCRYPT_VRTL_PAN_DE048S33F02 IS NULL THEN AUTH_ENC.ENCRYPT_PAN_DE002  ELSE AUTH_ENC.ENCRYPT_VRTL_PAN_DE048S33F02
        			END) as PAN, A01.TXN_AMT_DE004 as LOC_TXN_AMT,
					A01.LOCATION_ID as LOC_ID, A01.DW_AUTHOP_SEQ_NBR as SEQ_NBR,
					A01.CRD_ACCPT_NAME_LOC_DE043 as MERCH_NAM,
					A01.DW_ISS_CNTRY_CODE as ISSR_CNTRY_CD, A01.DW_MERCH_COUNTRY as
					MERCH_CNTRY_CD,
					(CASE WHEN A01.POS_PAN_ENTRY_DE022S01 IN('80', '90') THEN 'CP' WHEN
					A01.POS_PAN_ENTRY_DE022S01 IN('01', '09', '81') THEN 'CNP' ELSE
					'OTHER' END) as TRAN_CHNL
					FROM AUTHOP01_DETAIL A01 INNER JOIN AUTHOP01_DETAIL_ENC AUTH_ENC ON
					( A01.DW_AUTHOP_SEQ_NBR = AUTH_ENC.DW_AUTHOP_SEQ_NBR AND
					A01.DW_PROCESS_DATE = AUTH_ENC.DW_PROCESS_DATE )
					WHERE ((AUTH_ENC.ENCRYPT_VRTL_PAN_DE048S33F02 IN (#{stepExecutionContext[panList]}) ) OR
      				( AUTH_ENC.ENCRYPT_PAN_DE002 IN (#{stepExecutionContext[panList]}) AND AUTH_ENC.ENCRYPT_VRTL_PAN_DE048S33F02 IS NULL)) 
					AND A01.DW_PROCESS_DATE BETWEEN (SYSDATE - 60) AND (SYSDATE - 45)
					AND A01.BN_DATE_YYMMDD_HDR BETWEEN (SYSDATE - 60) AND (SYSDATE - 45)
		    </value>
		    </property>
	      <property name="rowMapper" ref="authRowMapper" />
	</bean>

	<bean id="cppAuthTxnReader2"
	      class="com.mastercard.ess.eds.batch.reader.CPPAuthTxnReader" scope="step">
	      <property name="dataSource" ref="primaryDWDataSource" />
	      <property name="sql">
		     <value>
					SELECT (CASE WHEN AUTH_ENC.ENCRYPT_VRTL_PAN_DE048S33F02 IS NULL THEN AUTH_ENC.ENCRYPT_PAN_DE002  ELSE AUTH_ENC.ENCRYPT_VRTL_PAN_DE048S33F02
       				 END) as PAN, A01.TXN_AMT_DE004 as LOC_TXN_AMT,
					A01.LOCATION_ID as LOC_ID, A01.DW_AUTHOP_SEQ_NBR as SEQ_NBR,
					A01.CRD_ACCPT_NAME_LOC_DE043 as MERCH_NAM,
					A01.DW_ISS_CNTRY_CODE as ISSR_CNTRY_CD, A01.DW_MERCH_COUNTRY as
					MERCH_CNTRY_CD,
					(CASE WHEN A01.POS_PAN_ENTRY_DE022S01 IN('80', '90') THEN 'CP' WHEN
					A01.POS_PAN_ENTRY_DE022S01 IN('01', '09', '81') THEN 'CNP' ELSE
					'OTHER' END) as TRAN_CHNL
					FROM AUTHOP01_DETAIL A01 INNER JOIN AUTHOP01_DETAIL_ENC AUTH_ENC ON
					( A01.DW_AUTHOP_SEQ_NBR = AUTH_ENC.DW_AUTHOP_SEQ_NBR AND
					A01.DW_PROCESS_DATE = AUTH_ENC.DW_PROCESS_DATE )
					WHERE ((AUTH_ENC.ENCRYPT_VRTL_PAN_DE048S33F02 IN (#{stepExecutionContext[panList]}) ) OR
       				( AUTH_ENC.ENCRYPT_PAN_DE002 IN (#{stepExecutionContext[panList]}) AND AUTH_ENC.ENCRYPT_VRTL_PAN_DE048S33F02 IS NULL))
       				AND A01.DW_PROCESS_DATE BETWEEN (SYSDATE - 44) AND (SYSDATE - 30)
					AND A01.BN_DATE_YYMMDD_HDR BETWEEN (SYSDATE - 44) AND (SYSDATE - 30)

		    </value>
		    </property>
	      <property name="rowMapper" ref="authRowMapper" />
	</bean>

	<bean id="cppAuthTxnReader3"
	      class="com.mastercard.ess.eds.batch.reader.CPPAuthTxnReader" scope="step">
	      <property name="dataSource" ref="primaryDWDataSource" />
	      <property name="sql">
		     <value>
					SELECT (CASE WHEN AUTH_ENC.ENCRYPT_VRTL_PAN_DE048S33F02 IS NULL THEN AUTH_ENC.ENCRYPT_PAN_DE002  ELSE AUTH_ENC.ENCRYPT_VRTL_PAN_DE048S33F02
        			END) as PAN, A01.TXN_AMT_DE004 as LOC_TXN_AMT,
					A01.LOCATION_ID as LOC_ID, A01.DW_AUTHOP_SEQ_NBR as SEQ_NBR,
					A01.CRD_ACCPT_NAME_LOC_DE043 as MERCH_NAM,
					A01.DW_ISS_CNTRY_CODE as ISSR_CNTRY_CD, A01.DW_MERCH_COUNTRY as
					MERCH_CNTRY_CD,
					(CASE WHEN A01.POS_PAN_ENTRY_DE022S01 IN('80', '90') THEN 'CP' WHEN
					A01.POS_PAN_ENTRY_DE022S01 IN('01', '09', '81') THEN 'CNP' ELSE
					'OTHER' END) as TRAN_CHNL
					FROM AUTHOP01_DETAIL A01 INNER JOIN AUTHOP01_DETAIL_ENC AUTH_ENC ON
					( A01.DW_AUTHOP_SEQ_NBR = AUTH_ENC.DW_AUTHOP_SEQ_NBR AND
					A01.DW_PROCESS_DATE = AUTH_ENC.DW_PROCESS_DATE )
					WHERE ((AUTH_ENC.ENCRYPT_VRTL_PAN_DE048S33F02 IN (#{stepExecutionContext[panList]}) ) OR
       				( AUTH_ENC.ENCRYPT_PAN_DE002 IN (#{stepExecutionContext[panList]}) AND AUTH_ENC.ENCRYPT_VRTL_PAN_DE048S33F02 IS NULL)) 
       				AND A01.DW_PROCESS_DATE BETWEEN (SYSDATE - 29) AND (SYSDATE - 15)
					AND A01.BN_DATE_YYMMDD_HDR BETWEEN (SYSDATE - 29) AND (SYSDATE - 15)

		    </value>
		    </property>
	      <property name="rowMapper" ref="authRowMapper" />
	</bean>

	<bean id="cppAuthTxnReader4"
	      class="com.mastercard.ess.eds.batch.reader.CPPAuthTxnReader" scope="step">
	      <property name="dataSource" ref="primaryDWDataSource" />
	      <property name="sql">
		     <value>
					SELECT ( CASE WHEN AUTH_ENC.ENCRYPT_VRTL_PAN_DE048S33F02 IS NULL THEN AUTH_ENC.ENCRYPT_PAN_DE002  ELSE AUTH_ENC.ENCRYPT_VRTL_PAN_DE048S33F02
        			END) as PAN, A01.TXN_AMT_DE004 as LOC_TXN_AMT,
					A01.LOCATION_ID as LOC_ID, A01.DW_AUTHOP_SEQ_NBR as SEQ_NBR,
					A01.CRD_ACCPT_NAME_LOC_DE043 as MERCH_NAM,
					A01.DW_ISS_CNTRY_CODE as ISSR_CNTRY_CD, A01.DW_MERCH_COUNTRY as
					MERCH_CNTRY_CD,
					(CASE WHEN A01.POS_PAN_ENTRY_DE022S01 IN('80', '90') THEN 'CP' WHEN
					A01.POS_PAN_ENTRY_DE022S01 IN('01', '09', '81') THEN 'CNP' ELSE
					'OTHER' END) as TRAN_CHNL
					FROM AUTHOP01_DETAIL A01 INNER JOIN AUTHOP01_DETAIL_ENC AUTH_ENC ON
					( A01.DW_AUTHOP_SEQ_NBR = AUTH_ENC.DW_AUTHOP_SEQ_NBR AND
					A01.DW_PROCESS_DATE = AUTH_ENC.DW_PROCESS_DATE )
					WHERE ((AUTH_ENC.ENCRYPT_VRTL_PAN_DE048S33F02 IN (#{stepExecutionContext[panList]}) ) OR
       				( AUTH_ENC.ENCRYPT_PAN_DE002 IN (#{stepExecutionContext[panList]}) AND AUTH_ENC.ENCRYPT_VRTL_PAN_DE048S33F02 IS NULL)) 
       				AND A01.DW_PROCESS_DATE BETWEEN (SYSDATE - 14) AND (SYSDATE)
					AND A01.BN_DATE_YYMMDD_HDR BETWEEN (SYSDATE - 14) AND (SYSDATE)

		    </value>
		    </property>
	      <property name="rowMapper" ref="authRowMapper" />
	</bean>
	
	<bean id="cppDebitTxnReader1"
	      class="com.mastercard.ess.eds.batch.reader.CPPDebitTxnReader" scope="step">
	      <property name="dataSource" ref="primaryDWDataSource" />
	      <property name="sql">
		     <value>
			    SELECT (CASE WHEN DEBIT_ENC.ENCRYPT_PAYPASS_ACCT_NUM IS NULL THEN SUBSTR (DEBIT_ENC.ENCRYPT_RQST_ACCT_NUM_DE002,1,D01.RQST_ACCT_LEN_NUM)  ELSE 
		SUBSTR (DEBIT_ENC.ENCRYPT_PAYPASS_ACCT_NUM,1,D01.RQST_ACCT_LEN_NUM) END) as PAN, D01.MCS_LOC_RQST_AMT as LOC_TXN_AMT, D01.DW_LOCATION_ID as
				LOC_ID, D01.DW_DB_MDS_SEQ_NUM AS SEQ_NBR, D01.DW_DERIVED_MERCH_ID AS
				MERCH_NAM, D01.DW_ISSR_CNTRY_CD as ISSR_CNTRY_CD,
				D01.DW_MERCH_CNTRY_CD as MERCH_CNTRY_CD, (CASE WHEN POS_PAN_ENTRY_CD_DE022S01 IN('80', '90')
				THEN 'CP' WHEN POS_PAN_ENTRY_CD_DE022S01 IN('01', '09', '81') THEN
				'CNP' ELSE 'OTHER' END) as TRAN_CHNL
				FROM DEBITMDS01_DETAIL D01 
				INNER JOIN DEBITMDS01_DETAIL_ENC DEBIT_ENC ON
				( D01.DW_DB_MDS_SEQ_NUM = DEBIT_ENC.DW_DB_MDS_SEQ_NUM
				AND D01.DW_PRCSS_DT = DEBIT_ENC.DW_PRCSS_DT )
				WHERE ((substr(DEBIT_ENC.ENCRYPT_PAYPASS_ACCT_NUM,1,D01.RQST_ACCT_LEN_NUM) IN (#{stepExecutionContext[panList]}) ) OR
      			( SUBSTR (DEBIT_ENC.ENCRYPT_RQST_ACCT_NUM_DE002,1,D01.RQST_ACCT_LEN_NUM) IN (#{stepExecutionContext[panList]}) AND DEBIT_ENC.ENCRYPT_PAYPASS_ACCT_NUM IS NULL))
				AND D01.DW_PRCSS_DT BETWEEN (SYSDATE - 60) AND (SYSDATE - 45)
				AND D01.TRAN_DT_DE013 BETWEEN (SYSDATE - 60) AND (SYSDATE - 45)
		    </value>
		    </property>
	      <property name="rowMapper" ref="debitRowMapper" />
	</bean>
	
		<bean id="cppDebitTxnReader2"
	      class="com.mastercard.ess.eds.batch.reader.CPPDebitTxnReader" scope="step">
	      <property name="dataSource" ref="primaryDWDataSource" />
	      <property name="sql">
		     <value>
			    SELECT (CASE WHEN DEBIT_ENC.ENCRYPT_PAYPASS_ACCT_NUM IS NULL THEN SUBSTR (DEBIT_ENC.ENCRYPT_RQST_ACCT_NUM_DE002,1,D01.RQST_ACCT_LEN_NUM)  ELSE 
				SUBSTR (DEBIT_ENC.ENCRYPT_PAYPASS_ACCT_NUM,1,D01.RQST_ACCT_LEN_NUM) END) as PAN, D01.MCS_LOC_RQST_AMT as LOC_TXN_AMT, D01.DW_LOCATION_ID as
				LOC_ID, D01.DW_DB_MDS_SEQ_NUM AS SEQ_NBR, D01.DW_DERIVED_MERCH_ID AS
				MERCH_NAM, D01.DW_ISSR_CNTRY_CD as ISSR_CNTRY_CD,
				D01.DW_MERCH_CNTRY_CD as MERCH_CNTRY_CD, (CASE WHEN POS_PAN_ENTRY_CD_DE022S01 IN('80', '90')
				THEN 'CP' WHEN POS_PAN_ENTRY_CD_DE022S01 IN('01', '09', '81') THEN
				'CNP' ELSE 'OTHER' END) as TRAN_CHNL
				FROM DEBITMDS01_DETAIL D01 
				INNER JOIN DEBITMDS01_DETAIL_ENC DEBIT_ENC ON
				( D01.DW_DB_MDS_SEQ_NUM = DEBIT_ENC.DW_DB_MDS_SEQ_NUM
				AND D01.DW_PRCSS_DT = DEBIT_ENC.DW_PRCSS_DT )
				WHERE ((substr(DEBIT_ENC.ENCRYPT_PAYPASS_ACCT_NUM,1,D01.RQST_ACCT_LEN_NUM) IN (#{stepExecutionContext[panList]}) ) OR
       			( SUBSTR (DEBIT_ENC.ENCRYPT_RQST_ACCT_NUM_DE002,1,D01.RQST_ACCT_LEN_NUM) IN (#{stepExecutionContext[panList]}) AND DEBIT_ENC.ENCRYPT_PAYPASS_ACCT_NUM IS NULL))
       			AND D01.DW_PRCSS_DT BETWEEN (SYSDATE - 44) AND (SYSDATE - 30)
				AND D01.TRAN_DT_DE013 BETWEEN (SYSDATE - 44) AND (SYSDATE - 30)
				
		    </value>
		    </property>
	      <property name="rowMapper" ref="debitRowMapper" />
	</bean>
	
		<bean id="cppDebitTxnReader3"
	      class="com.mastercard.ess.eds.batch.reader.CPPDebitTxnReader" scope="step">
	      <property name="dataSource" ref="primaryDWDataSource" />
	      <property name="sql">
		     <value>
			    SELECT (CASE WHEN DEBIT_ENC.ENCRYPT_PAYPASS_ACCT_NUM IS NULL THEN SUBSTR (DEBIT_ENC.ENCRYPT_RQST_ACCT_NUM_DE002,1,D01.RQST_ACCT_LEN_NUM)  ELSE 
				SUBSTR (DEBIT_ENC.ENCRYPT_PAYPASS_ACCT_NUM,1,D01.RQST_ACCT_LEN_NUM) END) as PAN, D01.MCS_LOC_RQST_AMT as LOC_TXN_AMT, D01.DW_LOCATION_ID as
				LOC_ID, D01.DW_DB_MDS_SEQ_NUM AS SEQ_NBR, D01.DW_DERIVED_MERCH_ID AS
				MERCH_NAM, D01.DW_ISSR_CNTRY_CD as ISSR_CNTRY_CD,
				D01.DW_MERCH_CNTRY_CD as MERCH_CNTRY_CD, (CASE WHEN POS_PAN_ENTRY_CD_DE022S01 IN('80', '90')
				THEN 'CP' WHEN POS_PAN_ENTRY_CD_DE022S01 IN('01', '09', '81') THEN
				'CNP' ELSE 'OTHER' END) as TRAN_CHNL
				FROM DEBITMDS01_DETAIL D01 
				INNER JOIN DEBITMDS01_DETAIL_ENC DEBIT_ENC ON
				( D01.DW_DB_MDS_SEQ_NUM = DEBIT_ENC.DW_DB_MDS_SEQ_NUM
				AND D01.DW_PRCSS_DT = DEBIT_ENC.DW_PRCSS_DT )
				WHERE ((substr(DEBIT_ENC.ENCRYPT_PAYPASS_ACCT_NUM,1,D01.RQST_ACCT_LEN_NUM) IN (#{stepExecutionContext[panList]}) ) OR
       			( SUBSTR (DEBIT_ENC.ENCRYPT_RQST_ACCT_NUM_DE002,1,D01.RQST_ACCT_LEN_NUM) IN (#{stepExecutionContext[panList]}) AND DEBIT_ENC.ENCRYPT_PAYPASS_ACCT_NUM IS NULL)) 
				AND D01.DW_PRCSS_DT BETWEEN (SYSDATE - 29) AND (SYSDATE - 15)
				AND D01.TRAN_DT_DE013 BETWEEN (SYSDATE - 29) AND (SYSDATE - 15)
		    </value>
		    </property>
	      <property name="rowMapper" ref="debitRowMapper" />
	</bean>
	
			<bean id="cppDebitTxnReader4"
	      class="com.mastercard.ess.eds.batch.reader.CPPDebitTxnReader" scope="step">
	      <property name="dataSource" ref="primaryDWDataSource" />
	      <property name="sql">
		     <value>
			    SELECT (CASE WHEN DEBIT_ENC.ENCRYPT_PAYPASS_ACCT_NUM IS NULL THEN SUBSTR (DEBIT_ENC.ENCRYPT_RQST_ACCT_NUM_DE002,1,D01.RQST_ACCT_LEN_NUM)  ELSE 
				SUBSTR (DEBIT_ENC.ENCRYPT_PAYPASS_ACCT_NUM,1,D01.RQST_ACCT_LEN_NUM) END) as PAN, D01.MCS_LOC_RQST_AMT as LOC_TXN_AMT, D01.DW_LOCATION_ID as
				LOC_ID, D01.DW_DB_MDS_SEQ_NUM AS SEQ_NBR, D01.DW_DERIVED_MERCH_ID AS
				MERCH_NAM, D01.DW_ISSR_CNTRY_CD as ISSR_CNTRY_CD,
				D01.DW_MERCH_CNTRY_CD as MERCH_CNTRY_CD, (CASE WHEN POS_PAN_ENTRY_CD_DE022S01 IN('80', '90')
				THEN 'CP' WHEN POS_PAN_ENTRY_CD_DE022S01 IN('01', '09', '81') THEN
				'CNP' ELSE 'OTHER' END) as TRAN_CHNL
				FROM DEBITMDS01_DETAIL D01 
				INNER JOIN DEBITMDS01_DETAIL_ENC DEBIT_ENC ON
				( D01.DW_DB_MDS_SEQ_NUM = DEBIT_ENC.DW_DB_MDS_SEQ_NUM
				AND D01.DW_PRCSS_DT = DEBIT_ENC.DW_PRCSS_DT )
				WHERE ((substr(DEBIT_ENC.ENCRYPT_PAYPASS_ACCT_NUM,1,D01.RQST_ACCT_LEN_NUM) IN (#{stepExecutionContext[panList]}) ) OR
       			( SUBSTR (DEBIT_ENC.ENCRYPT_RQST_ACCT_NUM_DE002,1,D01.RQST_ACCT_LEN_NUM) IN (#{stepExecutionContext[panList]}) AND DEBIT_ENC.ENCRYPT_PAYPASS_ACCT_NUM IS NULL)) 
				AND D01.DW_PRCSS_DT BETWEEN (SYSDATE - 14) AND (SYSDATE)
				AND D01.TRAN_DT_DE013 BETWEEN (SYSDATE - 14) AND (SYSDATE)
		    </value>
		    </property>
	      <property name="rowMapper" ref="debitRowMapper" />
	</bean>
	
	<bean id="cppClearingTxnReader1"
		class="com.mastercard.ess.eds.batch.reader.CPPClearingTxnReader" scope="step">
		<property name="dataSource" ref="primaryDWDataSource" />
		<property name="sql">
			<value>
				SELECT (CASE WHEN CLEARING_ENC.ENCRYPT_VIRTUAL_ACCOUNT_NUM IS NULL THEN SUBSTR (CLEARING_ENC.DW_ENCRYPT_CARDHOLDER_NUM,1,C01.DW_ORIG_CARDHOLDER_LEN)  ELSE 
				SUBSTR (CLEARING_ENC.ENCRYPT_VIRTUAL_ACCOUNT_NUM,1,C01.DW_ORIG_CARDHOLDER_LEN) END) as PAN, C01.TXN_AMT_TXN_CUR AS LOC_TXN_AMT, C01.LOCATION_ID as
				LOC_ID,
				C01.DW_INET_SEQUENCE_NBR AS SEQ_NBR,
				C01.MERCH_DBA_NAME AS MERCH_NAM,
				C01.ISS_COUNTRY as ISSR_CNTRY_CD,
				C01.MERCH_COUNTRY as MERCH_CNTRY_CD,
				(CASE WHEN C01.TERM_CARD_DATA_INP_CAP_CD IN(80, 90) THEN 'CP' WHEN
				C01.TERM_CARD_DATA_INP_CAP_CD IN(01, 09, 81) THEN 'CNP' ELSE 'OTHER'
				END) as TRAN_CHNL
				FROM CLEARD01_DETAIL C01
				INNER JOIN CLEARD01_DETAIL_ENC CLEARING_ENC ON
				( C01.DW_INET_SEQUENCE_NBR = CLEARING_ENC.DW_INET_SEQUENCE_NBR
				AND C01.DW_INET_PROCESS_DATE = CLEARING_ENC.DW_INET_PROCESS_DATE )
				INNER JOIN DW.AUTH_CLEARING_MAP ACP ON
				(C01.DW_INET_SEQUENCE_NBR = ACP.DW_INET_SEQUENCE_NBR AND C01.DW_INET_PROCESS_DATE =
				ACP.DW_INET_PROCESS_DATE )
				WHERE C01.SETTLEMENT_IND = 'C' AND 
				((SUBSTR(CLEARING_ENC.ENCRYPT_VIRTUAL_ACCOUNT_NUM,1,C01.DW_ORIG_CARDHOLDER_LEN) IN (#{stepExecutionContext[panList]}) ) OR
       			( SUBSTR (CLEARING_ENC.DW_ENCRYPT_CARDHOLDER_NUM,1,C01.DW_ORIG_CARDHOLDER_LEN) IN (#{stepExecutionContext[panList]}) AND CLEARING_ENC.ENCRYPT_VIRTUAL_ACCOUNT_NUM IS NULL))  
				AND C01.DW_INET_PROCESS_DATE BETWEEN (SYSDATE - 60) AND (SYSDATE - 45)
				AND C01.TXN_DATE BETWEEN (SYSDATE - 60) AND (SYSDATE - 45)
			</value>
		</property>
		<property name="rowMapper" ref="clearingRowMapper" />
	</bean>
	
		<bean id="cppClearingTxnReader2"
		class="com.mastercard.ess.eds.batch.reader.CPPClearingTxnReader" scope="step">
		<property name="dataSource" ref="primaryDWDataSource" />
		<property name="sql">
			<value>
				SELECT (CASE WHEN CLEARING_ENC.ENCRYPT_VIRTUAL_ACCOUNT_NUM IS NULL THEN SUBSTR (CLEARING_ENC.DW_ENCRYPT_CARDHOLDER_NUM,1,C01.DW_ORIG_CARDHOLDER_LEN)  ELSE 
				SUBSTR (CLEARING_ENC.ENCRYPT_VIRTUAL_ACCOUNT_NUM,1,C01.DW_ORIG_CARDHOLDER_LEN) END) as PAN, C01.TXN_AMT_TXN_CUR AS LOC_TXN_AMT, C01.LOCATION_ID as
				LOC_ID,
				C01.DW_INET_SEQUENCE_NBR AS SEQ_NBR,
				C01.MERCH_DBA_NAME AS MERCH_NAM,
				C01.ISS_COUNTRY as ISSR_CNTRY_CD,
				C01.MERCH_COUNTRY as MERCH_CNTRY_CD,
				(CASE WHEN C01.TERM_CARD_DATA_INP_CAP_CD IN(80, 90) THEN 'CP' WHEN
				C01.TERM_CARD_DATA_INP_CAP_CD IN(01, 09, 81) THEN 'CNP' ELSE 'OTHER'
				END) as TRAN_CHNL
				FROM CLEARD01_DETAIL C01
				INNER JOIN CLEARD01_DETAIL_ENC CLEARING_ENC ON
				( C01.DW_INET_SEQUENCE_NBR = CLEARING_ENC.DW_INET_SEQUENCE_NBR
				AND C01.DW_INET_PROCESS_DATE = CLEARING_ENC.DW_INET_PROCESS_DATE )
				INNER JOIN DW.AUTH_CLEARING_MAP ACP ON
				(C01.DW_INET_SEQUENCE_NBR = ACP.DW_INET_SEQUENCE_NBR AND C01.DW_INET_PROCESS_DATE =
				ACP.DW_INET_PROCESS_DATE )
				WHERE C01.SETTLEMENT_IND = 'C' AND 
				((SUBSTR(CLEARING_ENC.ENCRYPT_VIRTUAL_ACCOUNT_NUM,1,C01.DW_ORIG_CARDHOLDER_LEN) IN (#{stepExecutionContext[panList]}) ) OR
       			( SUBSTR (CLEARING_ENC.DW_ENCRYPT_CARDHOLDER_NUM,1,C01.DW_ORIG_CARDHOLDER_LEN) IN (#{stepExecutionContext[panList]}) AND CLEARING_ENC.ENCRYPT_VIRTUAL_ACCOUNT_NUM IS NULL))  
				AND C01.DW_INET_PROCESS_DATE BETWEEN (SYSDATE - 44) AND (SYSDATE - 30)
				AND C01.TXN_DATE BETWEEN (SYSDATE - 44) AND (SYSDATE - 30)
			</value>
		</property>
		<property name="rowMapper" ref="clearingRowMapper" />
	</bean>


		<bean id="cppClearingTxnReader3"
		class="com.mastercard.ess.eds.batch.reader.CPPClearingTxnReader" scope="step">
		<property name="dataSource" ref="primaryDWDataSource" />
		<property name="sql">
			<value>
				SELECT (CASE WHEN CLEARING_ENC.ENCRYPT_VIRTUAL_ACCOUNT_NUM IS NULL THEN SUBSTR (CLEARING_ENC.DW_ENCRYPT_CARDHOLDER_NUM,1,C01.DW_ORIG_CARDHOLDER_LEN)  ELSE 
				SUBSTR (CLEARING_ENC.ENCRYPT_VIRTUAL_ACCOUNT_NUM,1,C01.DW_ORIG_CARDHOLDER_LEN) END) as PAN, C01.TXN_AMT_TXN_CUR AS LOC_TXN_AMT, C01.LOCATION_ID as
				LOC_ID,
				C01.DW_INET_SEQUENCE_NBR AS SEQ_NBR,
				C01.MERCH_DBA_NAME AS MERCH_NAM,
				C01.ISS_COUNTRY as ISSR_CNTRY_CD,
				C01.MERCH_COUNTRY as MERCH_CNTRY_CD,
				(CASE WHEN C01.TERM_CARD_DATA_INP_CAP_CD IN(80, 90) THEN 'CP' WHEN
				C01.TERM_CARD_DATA_INP_CAP_CD IN(01, 09, 81) THEN 'CNP' ELSE 'OTHER'
				END) as TRAN_CHNL
				FROM CLEARD01_DETAIL C01
				INNER JOIN CLEARD01_DETAIL_ENC CLEARING_ENC ON
				( C01.DW_INET_SEQUENCE_NBR = CLEARING_ENC.DW_INET_SEQUENCE_NBR
				AND C01.DW_INET_PROCESS_DATE = CLEARING_ENC.DW_INET_PROCESS_DATE )
				INNER JOIN DW.AUTH_CLEARING_MAP ACP ON
				(C01.DW_INET_SEQUENCE_NBR = ACP.DW_INET_SEQUENCE_NBR AND C01.DW_INET_PROCESS_DATE =
				ACP.DW_INET_PROCESS_DATE )
				WHERE C01.SETTLEMENT_IND = 'C' AND 
				((SUBSTR(CLEARING_ENC.ENCRYPT_VIRTUAL_ACCOUNT_NUM,1,C01.DW_ORIG_CARDHOLDER_LEN) IN (#{stepExecutionContext[panList]}) ) OR
       			( SUBSTR (CLEARING_ENC.DW_ENCRYPT_CARDHOLDER_NUM,1,C01.DW_ORIG_CARDHOLDER_LEN) IN (#{stepExecutionContext[panList]}) AND CLEARING_ENC.ENCRYPT_VIRTUAL_ACCOUNT_NUM IS NULL))  
				AND C01.DW_INET_PROCESS_DATE BETWEEN (SYSDATE - 29) AND (SYSDATE - 15)
				AND C01.TXN_DATE BETWEEN (SYSDATE - 29) AND (SYSDATE - 15)
			</value>
		</property>
		<property name="rowMapper" ref="clearingRowMapper" />
	</bean>

		<bean id="cppClearingTxnReader4"
		class="com.mastercard.ess.eds.batch.reader.CPPClearingTxnReader" scope="step">
		<property name="dataSource" ref="primaryDWDataSource" />
		<property name="sql">
			<value>
				SELECT (CASE WHEN CLEARING_ENC.ENCRYPT_VIRTUAL_ACCOUNT_NUM IS NULL THEN SUBSTR (CLEARING_ENC.DW_ENCRYPT_CARDHOLDER_NUM,1,C01.DW_ORIG_CARDHOLDER_LEN)  ELSE 
				SUBSTR (CLEARING_ENC.ENCRYPT_VIRTUAL_ACCOUNT_NUM,1,C01.DW_ORIG_CARDHOLDER_LEN) END) as PAN, C01.TXN_AMT_TXN_CUR AS LOC_TXN_AMT, C01.LOCATION_ID as
				LOC_ID,
				C01.DW_INET_SEQUENCE_NBR AS SEQ_NBR,
				C01.MERCH_DBA_NAME AS MERCH_NAM,
				C01.ISS_COUNTRY as ISSR_CNTRY_CD,
				C01.MERCH_COUNTRY as MERCH_CNTRY_CD,
				(CASE WHEN C01.TERM_CARD_DATA_INP_CAP_CD IN(80, 90) THEN 'CP' WHEN
				C01.TERM_CARD_DATA_INP_CAP_CD IN(01, 09, 81) THEN 'CNP' ELSE 'OTHER'
				END) as TRAN_CHNL
				FROM CLEARD01_DETAIL C01
				INNER JOIN CLEARD01_DETAIL_ENC CLEARING_ENC ON
				( C01.DW_INET_SEQUENCE_NBR = CLEARING_ENC.DW_INET_SEQUENCE_NBR
				AND C01.DW_INET_PROCESS_DATE = CLEARING_ENC.DW_INET_PROCESS_DATE )
				INNER JOIN DW.AUTH_CLEARING_MAP ACP ON
				(C01.DW_INET_SEQUENCE_NBR = ACP.DW_INET_SEQUENCE_NBR AND C01.DW_INET_PROCESS_DATE =
				ACP.DW_INET_PROCESS_DATE )
				WHERE C01.SETTLEMENT_IND = 'C' AND 
				((SUBSTR(CLEARING_ENC.ENCRYPT_VIRTUAL_ACCOUNT_NUM,1,C01.DW_ORIG_CARDHOLDER_LEN) IN (#{stepExecutionContext[panList]}) ) OR
       			( SUBSTR (CLEARING_ENC.DW_ENCRYPT_CARDHOLDER_NUM,1,C01.DW_ORIG_CARDHOLDER_LEN) IN (#{stepExecutionContext[panList]}) AND CLEARING_ENC.ENCRYPT_VIRTUAL_ACCOUNT_NUM IS NULL))  
				AND C01.DW_INET_PROCESS_DATE BETWEEN (SYSDATE - 14) AND (SYSDATE)
				AND C01.TXN_DATE BETWEEN (SYSDATE - 14) AND (SYSDATE)
			</value>
		</property>
		<property name="rowMapper" ref="clearingRowMapper" />
	</bean>
	
	<bean id="authRowMapper" class="com.mastercard.ess.eds.core.mapper.CPPAuthTxnInfoRowMapper" />
	<bean id="debitRowMapper" class="com.mastercard.ess.eds.core.mapper.CPPDebitTxnInfoRowMapper" />
	<bean id="clearingRowMapper" class="com.mastercard.ess.eds.core.mapper.CPPClearingTxnInfoRowMapper" />
		
	<bean id="cppFileItemWriter" class="com.mastercard.ess.eds.batch.writer.CPPItemWriter"
		scope="step">
		<property name="jobInstanceName" value="#{stepExecution.jobExecution.jobInstance.jobName}"></property>
	</bean>
	
	<bean id="cppItemWriterDAO"
		class="com.mastercard.ess.eds.core.dao.CPPItemWriterDAO">
		<constructor-arg name="dataSource" ref="edsDataSource" />
	 </bean>

</beans>