<?xml version="1.0" encoding="UTF-8"?>

<beans xmlns="http://www.springframework.org/schema/beans"
	xmlns:batch="http://www.springframework.org/schema/batch" xmlns:jdbc="http://www.springframework.org/schema/jdbc"
	xmlns:xsi="http://www.w3.org/2001/XMLSchema-instance" xmlns:context="http://www.springframework.org/schema/context"
	xmlns:task="http://www.springframework.org/schema/task" xmlns:util="http://www.springframework.org/schema/util"
	xsi:schemaLocation="http://www.springframework.org/schema/jdbc http://www.springframework.org/schema/jdbc/spring-jdbc.xsd
		http://www.springframework.org/schema/beans http://www.springframework.org/schema/beans/spring-beans.xsd
		http://www.springframework.org/schema/batch http://www.springframework.org/schema/batch/spring-batch.xsd
		http://www.springframework.org/schema/context http://www.springframework.org/schema/context/spring-context.xsd
		http://www.springframework.org/schema/task  http://www.springframework.org/schema/task/spring-task.xsd
		http://www.springframework.org/schema/util http://www.springframework.org/schema/util/spring-util.xsd">

	<bean id="asyncTaskExecutor" class="org.springframework.core.task.SimpleAsyncTaskExecutor"></bean>
	<!-- cppRulesExececuteJob job contains two flows: authCPPExecuteFlow:It 
		will take cppRulesIds from CPPRule and fetches authRecords from DWDataSource 
		database. debitCPPExecuteFlow:It will take cppRulesIds from CPPRule and fetches 
		DebitRecords from DWDataSource databse. -->
		
	<batch:job id="cppRulesExecJob">
		<!-- Create Report tasklet will have logic to insert a record with below condition 
			EXECUTION - Creates the record in EDS_SRC tables
			SIMULATION - Creates the record in EDS_SIM_SRC table		
		 -->
		
		<batch:step id="createCPPSource" next="DeDupeSourceData">
			<batch:tasklet ref="createCPPSourceTasklet" />
		</batch:step>
		<batch:step id="DeDupeSourceData">
			<batch:tasklet ref="deDupePanInitTasklet" />
			<batch:next on="COMPLETED" to="cppDecision"/>
			<batch:end on="FAILED" />
		</batch:step>
		
		<!--  This is decider which calls based on the value returned from the decider.
			 SIMULATION - Reads for DW Auth and Debit tables for pending rules from EDS_CPP_RULE table and  Inserts the records in EDS_CPP_SIM_DATA table
			 EXECUTION - Reads for DW Auth and Debit tables for pending rules from EDS_CPP_RULE table and  Inserts the records in EDS_STAGE_SRC_DATA table
		-->
		<batch:decision id="cppDecision" decider="cppDecider">
			<batch:next on="SIMULATION" to="splitCPPForSimulation" />
			<batch:next on="EXECUTION" to="splitCPPForExecution" /> 
		</batch:decision>
		
	
		
	<!-- SIMULATION BLOCK STARTS-->
		
		<!-- The split task is used to execute the Auth and Debit Flows in parallel. 
			This is done by Spring Batch.  -->
		<batch:split id="splitCPPForSimulation" task-executor="asyncTaskExecutor">
			<batch:flow parent="authCPPSimulationFlow">
			</batch:flow>
			<batch:flow parent="debitCPPSimulationFlow" />
			<batch:next on="COMPLETED" to="saveSimulationDataStep" />
			<batch:next on="FAILED" to="updateSimulationStatusStepOnFail" />
		</batch:split>
		
		 <!-- The following step is used to save the simulation date in table EDS_CPP_SIM_DATA -->
		<batch:step id="saveSimulationDataStep" >
			<batch:tasklet ref="saveSimulationDataTasklet" />
			<batch:next on="COMPLETED" to="generateSimulationReportStep"/>
			<batch:next on="FAILED" to="updateSimulationStatusStepOnFail" />
		</batch:step>
		
		 <!-- The following step is used to generate the simulate report based on EDS_CPP_SIM_DATA -->
		<batch:step id="generateSimulationReportStep" >
			<batch:tasklet ref="generateSimulationReportTasklet" />
			<batch:next on="COMPLETED" to="emailSimulationReportStep"/>
			<batch:next on="FAILED" to="updateSimulationStatusStepOnFail" />
		</batch:step>
		
		 <!-- The following step is used to place the event CPP_SIMULATION_REPORT on EDS_EVENT_TRANS table -->
		<batch:step id="emailSimulationReportStep" >
			<batch:tasklet ref="emailSimulationReportTasklet" />
			<batch:next on="COMPLETED" to="updateCPPSimulationStatusStep" />
			<batch:next on="FAILED" to="updateSimulationStatusStepOnFail" />
		</batch:step>
		
		<!-- The following steps is used to update the status in EDS_CPP_SIM_SRC table for Success scenario -->
		<batch:step id="updateCPPSimulationStatusStep" >
			<batch:tasklet ref="updateCPPRulesExecutionStatusTasklet" />
			<batch:next on="COMPLETED" to="truncateCPPSimulationDataStep" />
			<batch:next on="FAILED" to="updateSimulationStatusStepOnFail" />
		</batch:step>
		
		<!--  The following step truncates the the EDS_CPP_SIM_DATA table based on the configurable parameter -->
		
		<batch:step id="truncateCPPSimulationDataStep">
			<batch:tasklet ref="truncateCPPSimulationDataTasklet" />
			<batch:end on="COMPLETED" />
			<batch:next on="FAILED" to="updateSimulationStatusStepOnFail" />
		</batch:step> 
		
		 <!-- The following steps is used to update the status in EDS_CPP_SIM_SRC table for failure scenario -->
		<batch:step id="updateSimulationStatusStepOnFail">
			<batch:tasklet ref="updateCPPRulesExecutionStatusTaskletOnFail" />
			<batch:end on="COMPLETED" />
		</batch:step>
		
		
		
		<!-- SIMULATION BLOCK ENDS-->
	
		<batch:split id="splitCPPForExecution" task-executor="asyncTaskExecutor">
			<batch:flow parent="authCPPExecuteFlow">
			</batch:flow>
			<batch:flow parent="debitCPPExecuteFlow" />
			<batch:next on="COMPLETED" to="savePanRuleMapping" />
			<batch:next on="FAILED" to="updateCPPRulesExecutionStatusStepOnFail" />
		</batch:split>
		<batch:step id="savePanRuleMapping">
			<batch:tasklet ref="savePanRuleMappingTasklet" />
			<batch:next on="COMPLETED" to="updateCPPRulesExecutionStatusStep" />
			<batch:end on="FAILED" />
		</batch:step>
		<!-- The following steps is used to update the following on SUCCESS 1. 
			Update all Rule Ids with First run switch and date updates 2. Update the 
			EDS SRC Table with the status of the CPP Job for that specific run to PROCEED 
			5 -->
		<batch:step id="updateCPPRulesExecutionStatusStep">
			<batch:tasklet ref="updateCPPRulesExecutionStatusTasklet" />
			<batch:end on="COMPLETED" />
		</batch:step>

		<!-- The following steps is used to update the following on SUCCESS 1. 
			Update all Rule Ids with First run switch and date updates 2. Update the 
			EDS SRC Table with the status of the CPP Job for that specific run to ERROR 
			2 -->
		<batch:step id="updateCPPRulesExecutionStatusStepOnFail">
			<batch:tasklet ref="updateCPPRulesExecutionStatusTaskletOnFail" />
			<batch:end on="COMPLETED" />
		</batch:step>
	</batch:job>

<!-- Simulation Auth flow -->
	<batch:flow id="authCPPSimulationFlow">
		<batch:step id="authCPPSimulationstep">
			<!-- Executes partition steps locally in separate threads of execution -->
			<batch:partition partitioner="AuthPartioner" handler="SimulationAuthFlowHandler">
				<!-- Grid size is 5 which means task executor will run 5 threads,this 
					value is used inside partitioner. -->
				<batch:handler grid-size="5" />
			</batch:partition>
		</batch:step>
	</batch:flow>
	
	<bean id="SimulationAuthFlowHandler"
		class="org.springframework.batch.core.partition.support.TaskExecutorPartitionHandler"
		scope="step">
		<property name="taskExecutor" ref="AuthPartitionThreadPool"></property>
		<property name="step" ref="simulationAuthQueryStep"></property>
		<!-- Below gridSize will match the gridSize authCPPExecuteFlow since we 
			only create 5 partitions for any number of CPP Rules -->
		<property name="gridSize" value="5"></property>
	</bean>
	
	<!-- Read Auth from database then write them into logs -->
	<batch:step id="simulationAuthQueryStep">
		<batch:tasklet>
			<batch:chunk reader="syncCPPAuthRuleItemReader" writer="simulationAuthRecordDBWriter"
				processor="authRecordProcessor" commit-interval="100"
				processor-transactional="false">
			</batch:chunk>
		</batch:tasklet>
	</batch:step>
	
	<!-- It will fetch records from auth related tables by CPPRules and insert 
		it into EDS_CPP_SIM_DATA tables -->
	<bean id="simulationAuthRecordDBWriter"
		class="com.mastercard.ess.eds.batch.writer.SimulationRecordDBWriter"
		scope="step">
		<property name="jobInstanceName"
			value="#{stepExecution.jobExecution.jobInstance.jobName}"></property>
		<property name="jobInstanceId" value="#{stepExecution.jobExecution.jobId}"></property>
		<property name="executionContext"
			value="#{stepExecution.jobExecution.executionContext}"></property>
	</bean>
	
	<!-- authCPPExecuteFlow flow will fetch PanNums for AUTHOP01_DETAIL table -->
	<batch:flow id="authCPPExecuteFlow">
		<batch:step id="authCPPExecutestep">
			<!-- Executes partition steps locally in separate threads of execution -->
			<batch:partition partitioner="AuthPartioner" handler="AuthFlowHandler">
				<!-- Grid size is 5 which means task executor will run 5 threads,this 
					value is used inside partitioner. -->
				<batch:handler grid-size="5" />
			</batch:partition>
		</batch:step>
	</batch:flow>

	<bean id="deDupePanInitTasklet"
		class="com.mastercard.ess.eds.core.util.DeDupeInitTasklet" scope="step">
		<property name="cppRunMode" value="#{jobParameters['runMode']}"></property>
	</bean>
	<!-- createCPPSource will create SourceRecord in EDS_SRC table with status 
		as UNPROCESSED -->
	<bean id="createCPPSourceTasklet" class="com.mastercard.ess.eds.batch.tasklet.CreateCPPSource"
		scope="step">
		<property name="jobInstanceId" value="#{stepExecution.jobExecution.jobId}"></property>
		<property name="cppRunMode" value="#{jobParameters['runMode']}"></property>
	</bean>
	
	<bean id="truncateCPPSimulationDataTasklet" class="com.mastercard.ess.eds.batch.tasklet.TruncateCPPSimulationDataTasklet"
		scope="step">
		<property name="cppRunMode" value="#{jobParameters['runMode']}"></property>
	</bean>
	

	<bean id="AuthPartioner"
		class="com.mastercard.ess.eds.batch.partitioner.CppExecutePartitioner"
		scope="step"> 
		<property name="cppRunMode" value="#{jobParameters['runMode']}"></property>
	</bean>

<bean id="cppDecider" class ="com.mastercard.ess.eds.batch.decider.CPPDecider"/>

	<bean id="AuthFlowHandler"
		class="org.springframework.batch.core.partition.support.TaskExecutorPartitionHandler"
		scope="step">
		<property name="taskExecutor" ref="AuthPartitionThreadPool"></property>
		<property name="step" ref="DWAuthQueryStep"></property>
		<!-- Below gridSize will match the gridSize authCPPExecuteFlow since we 
			only create 5 partitions for any number of CPP Rules -->
		<property name="gridSize" value="5"></property>
	</bean>

	<bean id="AuthPartitionThreadPool"
		class="org.springframework.scheduling.concurrent.ThreadPoolTaskExecutor">
		<property name="corePoolSize" value="5" />
		<property name="maxPoolSize" value="5" />
		<property name="allowCoreThreadTimeOut" value="true" />
	</bean>

	<!-- Read Auth from database then write them into logs -->
	<batch:step id="DWAuthQueryStep">
		<batch:tasklet>
			<batch:chunk reader="syncCPPAuthRuleItemReader" writer="authRecordDBWriter"
				processor="authRecordProcessor" commit-interval="100"
				processor-transactional="false">
			</batch:chunk>
		</batch:tasklet>
	</batch:step>

	<bean id="syncCPPAuthRuleItemReader"
		class="org.springframework.batch.item.support.SynchronizedItemStreamReader">
		<property name="delegate" ref="cppAuthRuleItemReader" />
	</bean>

	<bean id="cppAuthRuleItemReader"
		class="org.springframework.batch.item.database.JdbcCursorItemReader"
		scope="step">
		<property name="dataSource" ref="edsDataSource" />
		<property name="sql">
			<value>
				SELECT
				ACTV_SW,CAT_CD,CLS_ISSR_CNTRY_ID,CLS_LOC_TRAN_AMT,CLS_MERCH_LOC_ID,EDS_CPP_RULE_ID,FIRST_RUN_SW,UNIT_TM_CNT,VAL_ISSR_CNTRY_ID,VAL_LOC_TRAN_AMT,VAL_MERCH_LOC_ID,VAL_TM_CNT,CRTE_DT,CRTE_USER_ID,LST_UPDT_DT,LST_UPDT_USER_ID
				FROM EDS_CPP_RULE where 
				EDS_CPP_RULE_ID in
				(#{stepExecutionContext[cppRuleIds]})
			</value>
		</property>

		<property name="rowMapper">
			<bean class="com.mastercard.ess.eds.core.mapper.CPPRuleRowMapper"
				scope="step" />
		</property>
	</bean>
	<!-- It will fetch records from auth related tables by CPPRules and insert 
		it into EDS_SRC_RULE_DATA and EDS_SRC_DATA tables -->
	<bean id="authRecordDBWriter"
		class="com.mastercard.ess.eds.batch.writer.CPPRuleExecRecordDBWriter"
		scope="step">
		<property name="jobInstanceName"
			value="#{stepExecution.jobExecution.jobInstance.jobName}"></property>
		<property name="jobInstanceId" value="#{stepExecution.jobExecution.jobId}"></property>
		<property name="executionContext"
			value="#{stepExecution.jobExecution.executionContext}"></property>
	</bean>

	<bean id="authRecordProcessor"
		class="com.mastercard.ess.eds.batch.processor.AuthRecordProcessor"
		scope="step">
		<property name="executionContext"
			value="#{stepExecution.jobExecution.executionContext}"></property>
		<property name="cppRunMode" value="#{jobParameters['runMode']}"></property>
	</bean>

	<!-- Debit related code is started -->

<!-- Simulation Debit flow -->
	<batch:flow id="debitCPPSimulationFlow">
		<batch:step id="debitCPPSimulationstep">
			<!-- Executes partition steps locally in separate threads of execution -->
			<batch:partition partitioner="DebitPartioner" handler="SimulationDebitFlowHandler">
				<!-- Grid size is 5 which means task executor will run 5 threads,this 
					value is used inside partitioner. -->
				<batch:handler grid-size="5" />
			</batch:partition>
		</batch:step>
	</batch:flow>
	 
	
	<bean id="SimulationDebitFlowHandler"
		class="org.springframework.batch.core.partition.support.TaskExecutorPartitionHandler"
		scope="step">
		<property name="taskExecutor" ref="DebitPartitionThreadPool"></property>
		<property name="step" ref="simulationDebitQueryStep"></property>
		<!-- Below gridSize will match the gridSize authCPPExecuteFlow since we 
			only create 5 partitions for any number of CPP Rules -->
		<property name="gridSize" value="5"></property>
	</bean>
	
	
	<!-- Read Debit from database then write them into logs -->
	<batch:step id="simulationDebitQueryStep">
		<batch:tasklet>
			<batch:chunk reader="syncCPPDebitRuleItemReader" writer="simulationDebitRecordDBWriter"
				processor="debitRecordProcessor" commit-interval="100"
				processor-transactional="false">
			</batch:chunk>
		</batch:tasklet>
	</batch:step>
	
	<!-- It will fetch records from debit related tables by CPPRules and insert 
		it into EDS_CPP_SIM_DATA tables -->
	<bean id="simulationDebitRecordDBWriter"
		class="com.mastercard.ess.eds.batch.writer.SimulationRecordDBWriter"
		scope="step">
		<property name="jobInstanceName"
			value="#{stepExecution.jobExecution.jobInstance.jobName}"></property>
		<property name="jobInstanceId" value="#{stepExecution.jobExecution.jobId}"></property>
		<property name="executionContext"
			value="#{stepExecution.jobExecution.executionContext}"></property>
	</bean>

	<!-- debitCPPExecuteFlow flow will fetch PANS for DW DEBIT TABLE -->
	<batch:flow id="debitCPPExecuteFlow">
		<batch:step id="debitCPPExecutestep">
			<!-- Executes partition steps locally in separate threads of execution -->
			<batch:partition partitioner="DebitPartioner"
				handler="DebitFlowHandler">
				<!-- Grid size is 5 which means task executor will run 5 threads,this 
					value is used inside partitioner. -->
				<batch:handler grid-size="5" />
			</batch:partition>
		</batch:step>
	</batch:flow>


	<bean id="DebitPartioner"
		class="com.mastercard.ess.eds.batch.partitioner.CppExecutePartitioner"
		scope="step">
		<property name="cppRunMode" value="#{jobParameters['runMode']}"></property>
	</bean>


	<bean id="DebitFlowHandler"
		class="org.springframework.batch.core.partition.support.TaskExecutorPartitionHandler"
		scope="step">
		<property name="taskExecutor" ref="DebitPartitionThreadPool"></property>
		<property name="step" ref="DWDebitQueryStep"></property>
		<!-- Below gridSize will match the gridSize authCPPExecuteFlow since we 
			only create 5 partitions for any number of CPP Rules -->
		<property name="gridSize" value="5"></property>
	</bean>

	<bean id="DebitPartitionThreadPool"
		class="org.springframework.scheduling.concurrent.ThreadPoolTaskExecutor">
		<property name="corePoolSize" value="5" />
		<property name="maxPoolSize" value="5" />
		<property name="allowCoreThreadTimeOut" value="true" />
	</bean>

	<!-- Read Debit Data from data warehouse and send to writer to write to 
		EDS DB -->
	<batch:step id="DWDebitQueryStep">
		<batch:tasklet>
			<batch:chunk reader="syncCPPDebitRuleItemReader" writer="debitRecordDBWriter"
				processor="debitRecordProcessor" commit-interval="100"
				processor-transactional="false">
			</batch:chunk>
		</batch:tasklet>
	</batch:step>

	<bean id="syncCPPDebitRuleItemReader"
		class="org.springframework.batch.item.support.SynchronizedItemStreamReader">
		<property name="delegate" ref="cppRuleItemReader" />
	</bean>
	<bean id="cppRuleItemReader"
		class="org.springframework.batch.item.database.JdbcCursorItemReader"
		scope="step">
		<property name="dataSource" ref="edsDataSource" />
		<property name="sql">
			<value>
				SELECT
				ACTV_SW,CAT_CD,CLS_ISSR_CNTRY_ID,CLS_LOC_TRAN_AMT,CLS_MERCH_LOC_ID,EDS_CPP_RULE_ID,FIRST_RUN_SW,UNIT_TM_CNT,VAL_ISSR_CNTRY_ID,VAL_LOC_TRAN_AMT,VAL_MERCH_LOC_ID,VAL_TM_CNT,CRTE_DT,CRTE_USER_ID,LST_UPDT_DT,LST_UPDT_USER_ID
				FROM EDS_CPP_RULE where
				EDS_CPP_RULE_ID in
				(#{stepExecutionContext[cppRuleIds]})
			</value>
		</property>

		<property name="rowMapper">
			<bean class="com.mastercard.ess.eds.core.mapper.CPPRuleRowMapper"
				scope="step" />
		</property>
	</bean>
	<!-- It will fetch records from debit related tables by CPPRules and insert 
		it into EDS_SRC_RULE_DATA and EDS_SRC_DATA tables -->
	<bean id="debitRecordDBWriter"
		class="com.mastercard.ess.eds.batch.writer.CPPRuleExecRecordDBWriter"
		scope="step">
		<property name="jobInstanceName"
			value="#{stepExecution.jobExecution.jobInstance.jobName}"></property>
		<property name="jobInstanceId" value="#{stepExecution.jobExecution.jobId}"></property>
		<property name="executionContext"
			value="#{stepExecution.jobExecution.executionContext}"></property>
	</bean>

	<bean id="debitRecordProcessor"
		class="com.mastercard.ess.eds.batch.processor.DebitRecordProcessor"
		scope="step">
		<property name="executionContext"
			value="#{stepExecution.jobExecution.executionContext}"></property>
		<property name="cppRunMode" value="#{jobParameters['runMode']}"></property>
	</bean>

	<bean id="savePanRuleMappingTasklet"
		class="com.mastercard.ess.eds.batch.tasklet.SavePanRuleMappingTasklet"
		scope="step">
		<property name="executionContext"
			value="#{stepExecution.jobExecution.executionContext}"></property>
		<property name="jobInstanceName"
			value="#{stepExecution.jobExecution.jobInstance.jobName}"></property>
	</bean>
	<!-- After completion of job it will update status to PROCESSED(5) entry 
		in EDS_SRC table for Success Job -->
	<bean id="updateCPPRulesExecutionStatusTasklet"
		class="com.mastercard.ess.eds.batch.tasklet.UpdateCPPRulesExecutionStatus"
		scope="step">
		<property name="executionContext"
			value="#{stepExecution.jobExecution.executionContext}"></property>
		<property name="jobInstanceName"
			value="#{stepExecution.jobExecution.jobInstance.jobName}"></property>
		<property name="jobInstanceId" value="#{stepExecution.jobExecution.jobId}"></property>
		<property name="status" value="5"></property>
	</bean>
	<!-- After completion of job it will update status to ERROR(2) entry in 
		EDS_SRC table for Failed Job -->
	<bean id="updateCPPRulesExecutionStatusTaskletOnFail"
		class="com.mastercard.ess.eds.batch.tasklet.UpdateCPPRulesExecutionStatus"
		scope="step">
		<property name="executionContext"
			value="#{stepExecution.jobExecution.executionContext}"></property>
		<property name="jobInstanceName"
			value="#{stepExecution.jobExecution.jobInstance.jobName}"></property>
		<property name="jobInstanceId" value="#{stepExecution.jobExecution.jobId}"></property>
		<property name="status" value="2"></property>

	</bean>
	
	<bean id="generateSimulationReportTasklet"
		class="com.mastercard.ess.eds.batch.tasklet.CPPSimulationReportTasklet"
		scope="step">
	</bean>
	
	<bean id="saveSimulationDataTasklet"
		class="com.mastercard.ess.eds.batch.tasklet.CPPSimulationDataTasklet"
		scope="step">
	</bean>
	
	
	<bean id="emailSimulationReportTasklet"
		class="com.mastercard.ess.eds.batch.tasklet.EmailSimulationReportTasklet">
	</bean>
	
	<bean id="cppSimulationSourceDAO" class="com.mastercard.ess.eds.core.dao.CPPSimulationSourceDAO">
		<constructor-arg name="dataSource" ref="edsDataSource" />
	</bean>
	
	<bean id="cppSimulationDataDAO" class="com.mastercard.ess.eds.core.dao.CPPSimulationDataDAO">
		<constructor-arg name="dataSource" ref="edsDataSource" />
	</bean>
</beans>
