<?xml version="1.0" encoding="UTF-8"?>

<beans xmlns="http://www.springframework.org/schema/beans"
	xmlns:batch="http://www.springframework.org/schema/batch" xmlns:jdbc="http://www.springframework.org/schema/jdbc"
	xmlns:xsi="http://www.w3.org/2001/XMLSchema-instance" xmlns:context="http://www.springframework.org/schema/context"
	xmlns:task="http://www.springframework.org/schema/task" xmlns:util="http://www.springframework.org/schema/util"
	xsi:schemaLocation="http://www.springframework.org/schema/jdbc http://www.springframework.org/schema/jdbc/spring-jdbc.xsd
		http://www.springframework.org/schema/beans http://www.springframework.org/schema/beans/spring-beans.xsd
		http://www.springframework.org/schema/batch http://www.springframework.org/schema/batch/spring-batch.xsd
		http://www.springframework.org/schema/context http://www.springframework.org/schema/context/spring-context.xsd
		http://www.springframework.org/schema/task  http://www.springframework.org/schema/task/spring-task.xsd
		http://www.springframework.org/schema/util http://www.springframework.org/schema/util/spring-util.xsd">

	<!-- Job Step -->
	<batch:job id="cppReportGenerationJob">
		<batch:step id="cppDistinctPANCountStep" next="cppSummaryReportGenerationMasterStep">
			<batch:tasklet ref="cppDistinctPANCountTasklet" />
		</batch:step>
		<batch:step id="cppSummaryReportGenerationMasterStep" next="cppDetailReportGenerationMasterStep">
			<partition step="generateFinalCPPSummaryReport"
				partitioner="cppSummaryReportGenerationPartitioner">
				<handler grid-size="5" task-executor="cppSummaryReporttaskExecutor" />
			</partition>
		</batch:step>
		<batch:step id="cppDetailReportGenerationMasterStep">
			<partition step="generateFinalCPPDetailReport" partitioner="cppDetailReportGenerationPartitioner">
				<handler grid-size="5" task-executor="cppDetailReporttaskExecutor" />
			</partition>
		</batch:step>
		<batch:listeners>
			<batch:listener ref="emailCPPAnalysisReportListener" />
		</batch:listeners>
	</batch:job>

	<!-- Partitioner Beans -->
	<bean id="cppSummaryReportGenerationPartitioner" class="com.mastercard.ess.eds.batch.partitioner.CppReportGenerationPartitioner" />
	<bean id="cppDetailReportGenerationPartitioner"  class="com.mastercard.ess.eds.batch.partitioner.CppDetailReportGenerationPartitioner" />

	<!-- CPP Summary Report Step -->
	<batch:step id="generateFinalCPPSummaryReport">
		<tasklet>
			<chunk reader="finalCPPSummaryReportReader" writer="finalCPPSummaryReportWriter"
				commit-interval="100" />
		</tasklet>
	</batch:step>

	<!-- CPP  Detail Report Step -->
	<batch:step id="generateFinalCPPDetailReport">
		<tasklet>
			<chunk reader="finalCPPDetailReportReader" writer="finalCPPDetailReportWriter"
				commit-interval="100" />
		</tasklet>
	</batch:step>

	<!-- Email Listener -->
	<bean id="emailCPPAnalysisReportListener"
		class="com.mastercard.ess.eds.batch.tasklet.EmailCPPAnalysisReport">
	</bean>

   <!-- CPP Summary and Details Readers -->
	<bean id="finalCPPSummaryReportReader"
		class="org.springframework.batch.item.database.JdbcCursorItemReader"
		scope="step">
		<property name="verifyCursorPosition" value="false" />
		<property name="fetchSize" value="50" />
		<property name="dataSource" ref="edsDataSource" />
		<property name="sql">
			<value>
				<![CDATA[
						select * from  EDS_CPP_TRAN_SUMM WHERE TRAN_CHNL_CD in ('CP','CNP') and GRP_ID = 1 and ISSR_CNTRY_CD = ? order by EDS_CPP_TRAN_SUMM_ID
				 ]]>
			</value>
		</property>
		<property name="rowMapper">
			<bean
				class="com.mastercard.ess.eds.core.mapper.CPPReportGenerationRowMapper" />
		</property>
	<property name="preparedStatementSetter" ref="summaryStatementSetter"/> 
		
	</bean>

    <bean id="summaryStatementSetter"  class="org.springframework.batch.core.resource.ListPreparedStatementSetter" scope="step">
         <property name="parameters">
                  <list>
                       <value>#{stepExecutionContext[issr_cntry_cd]}</value>
                  </list>
         </property>
    </bean>

	
	<bean id="finalCPPDetailReportReader"
		class="org.springframework.batch.item.database.JdbcCursorItemReader"
		scope="step">
		<property name="verifyCursorPosition" value="false" />
		<property name="fetchSize" value="50" />
		<property name="dataSource" ref="edsDataSource" />
		<property name="sql">
			<value>
				<![CDATA[
						select * from  EDS_CPP_TRAN_SUMM WHERE TRAN_CHNL_CD in ('CP','CNP') and GRP_ID = 0 and MERCH_CNTRY_CD = ? order by EDS_CPP_TRAN_SUMM_ID
				 ]]>
			</value>
		</property>
		<property name="rowMapper">
			<bean
				class="com.mastercard.ess.eds.core.mapper.CPPReportGenerationRowMapper" />
		</property>
	<property name="preparedStatementSetter" ref="detailStatementSetter"/> 
		
	</bean>

    <bean id="detailStatementSetter"  class="org.springframework.batch.core.resource.ListPreparedStatementSetter" scope="step">
         <property name="parameters">
                  <list>
                       <value>#{stepExecutionContext[merch_cntry_cd]}</value>
                  </list>
         </property>
    </bean>
	
	<!-- CPP Summary and Details Writers -->

	<bean id="finalCPPSummaryReportWriter"
		class="com.mastercard.ess.eds.batch.writer.CPPReportGenerationItemWriter"
		scope="step">
		<property name="jobInstanceId" value="#{stepExecution.jobExecution.jobId}"></property>
		<property name="jobInstanceName"
			value="#{stepExecution.jobExecution.jobInstance.jobName}"></property>
		<property name="executionContext" value="#{stepExecution.jobExecution.executionContext}"></property>
		<property name="countryCode" value="#{stepExecutionContext[issr_cntry_cd]}" />
	</bean>

	<bean id="finalCPPDetailReportWriter"
		class="com.mastercard.ess.eds.batch.writer.CPPDetailReportGenerationItemWriter"
		scope="step">
		<property name="jobInstanceId" value="#{stepExecution.jobExecution.jobId}"></property>
		<property name="jobInstanceName"
			value="#{stepExecution.jobExecution.jobInstance.jobName}"></property>
		<property name="executionContext" value="#{stepExecution.jobExecution.executionContext}"></property>
		<property name="countryCode" value="#{stepExecutionContext[merch_cntry_cd]}" />
	</bean>
	

	<!-- CPP Summary and Details Task Executor -->
	
	<bean id="cppSummaryReporttaskExecutor"
		class="org.springframework.scheduling.concurrent.ThreadPoolTaskExecutor">
		<property name="corePoolSize" value="10" />
		<property name="maxPoolSize" value="10" />
		<property name="allowCoreThreadTimeOut" value="true" />
	</bean>

	<bean id="cppDetailReporttaskExecutor"
		class="org.springframework.scheduling.concurrent.ThreadPoolTaskExecutor">
		<property name="corePoolSize" value="10" />
		<property name="maxPoolSize" value="10" />
		<property name="allowCoreThreadTimeOut" value="true" />
	</bean>

	<!-- CPP Summary and Details Tasklet and Other Beans -->
	<bean id="cppReportStausDAO" class="com.mastercard.ess.eds.core.dao.CPPReportStausDAO">
		<constructor-arg name="dataSource" ref="edsDataSource" />
	</bean>
	
	<bean id="cppReportGenerationScheduler"
		class="com.mastercard.ess.eds.batch.scheduler.CPPReportGenerationScheduler">
	</bean>
	
	<bean id="cppDistinctPANCountTasklet" class="com.mastercard.ess.eds.batch.tasklet.UpdateDistinctPANCountTasklet" />

</beans>
		