<?xml version="1.0" encoding="UTF-8"?>

<beans xmlns="http://www.springframework.org/schema/beans"
	xmlns:batch="http://www.springframework.org/schema/batch" xmlns:jdbc="http://www.springframework.org/schema/jdbc"
	xmlns:xsi="http://www.w3.org/2001/XMLSchema-instance" xmlns:context="http://www.springframework.org/schema/context"
	xmlns:task="http://www.springframework.org/schema/task" xmlns:util="http://www.springframework.org/schema/util"
	xsi:schemaLocation="http://www.springframework.org/schema/jdbc http://www.springframework.org/schema/jdbc/spring-jdbc.xsd
		http://www.springframework.org/schema/beans http://www.springframework.org/schema/beans/spring-beans.xsd
		http://www.springframework.org/schema/batch http://www.springframework.org/schema/batch/spring-batch.xsd
		http://www.springframework.org/schema/context http://www.springframework.org/schema/context/spring-context.xsd
		http://www.springframework.org/schema/task  http://www.springframework.org/schema/task/spring-task.xsd
		http://www.springframework.org/schema/util http://www.springframework.org/schema/util/spring-util.xsd">

	<!-- Added by Prateek for Local Run -->
	<bean id="jobRepository" class="org.springframework.batch.core.repository.support.JobRepositoryFactoryBean">
		<!-- <property name="dataSource" ref="dataSource" />
		<property name="transactionManager" ref="transactionManager" />
		<property name="databaseType" value="MYSQL" /> -->
	</bean>
	
	<bean id="jobLauncher" class="org.springframework.batch.core.launch.support.SimpleJobLauncher">
		<property name="jobRepository" ref="jobRepository" />
	</bean>

	<batch:job id="customerFileGenerationJob">
	
		<batch:step id="initContextStep"  next="customerDecision">
			<batch:tasklet ref="updateCustomerContextTasklet" />
		</batch:step>
		<!--  This is decider which calls based on the value returned from the decider.
		 GFT_FAILED - If the job  runs in GFT failed mode, the tasklet is gftFailureStep is invoked to resent. 
		 FILE_GENERATION -Its default mode, if the there is no mode, the decider returns FILE_GENERATION  -->
		<batch:decision id="customerDecision" decider="customerDecider">
			<batch:next on="GFT_FAILURE" to="gftFailureStep" />
			<batch:next on="FILE_GENERATION" to="loadIcaToRangeDataInCache" /> 
		</batch:decision>
		
		<!-- This step loads the ICA with PAN mappings in cache -->
	
		<batch:step id="loadIcaToRangeDataInCache" next="masterStep">
			<batch:tasklet ref="icaToRangeMappingCacheLoader" />
		</batch:step>
		
		<!-- This is main step to create the customer file generations for ICA and send them through GFT -->
		<batch:step id="masterStep" next="updateFileStatusStep">
			<partition step="generateAndSendCustomerFileStep"
				partitioner="customerFileGenerationPartitioner">
				<handler grid-size="40" task-executor="taskExecutor" />
			</partition>
		</batch:step>
		
		<batch:step id ="gftFailureStep"  next = "updateFileStatusStep">
			<batch:tasklet ref="updateSendCustomerBatchFileTasklet" />
		</batch:step>
		
		<!--	This step is updates the file Status in EDS_GEN_RPT table.-->
		<batch:step id="updateFileStatusStep" next = "consolidateEmailStep" >
			<batch:tasklet ref="updateStausTasklet" />
		</batch:step>	
		
		<batch:step id="consolidateEmailStep">
			<batch:tasklet ref="consolidatedEmailTasklet" />
		</batch:step>
		
	</batch:job>
	
	<!--  Bean Definition goes here -->
	
	<bean id="consolidatedEmailTasklet" class="com.mastercard.ess.eds.batch.tasklet.ConsolidatedEmailTasklet"
		scope="step">
		<property name="jobInstanceName"	value="#{stepExecution.jobExecution.jobInstance.jobName}"></property>
		<property name="jobInstanceId" value="#{stepExecution.jobExecution.jobId}"></property>
	</bean>

	<bean id="icaToRangeMappingCacheLoader"
		class="com.mastercard.ess.eds.core.icatopanmapping.CreateICAToRangeMappingCache"
		scope="step">
		<property name="executionContext"
			value="#{stepExecution.jobExecution.executionContext}"></property>
	</bean>

	<bean id="taskExecutor"
		class="org.springframework.scheduling.concurrent.ThreadPoolTaskExecutor">
		<property name="corePoolSize" value="40" />
		<property name="maxPoolSize" value="40" />
		<property name="allowCoreThreadTimeOut" value="true" />
	</bean>


	<batch:step id="generateAndSendCustomerFileStep"
		xmlns="http://www.springframework.org/schema/batch">
		<batch:tasklet>
			<batch:chunk reader="riskRecordItemReader" writer="riskRecordItemWriter"
				processor="riskRecordItemProcessor" commit-interval="5000">
			</batch:chunk>
		</batch:tasklet>
	</batch:step>

	<bean id="riskRecordItemWriter"
		class="com.mastercard.ess.eds.batch.writer.RiskRecordItemWriter"
		scope="step">
		<property name="jobInstanceName"
			value="#{stepExecution.jobExecution.jobInstance.jobName}"></property>
		<property name="jobInstanceId" value="#{stepExecution.jobExecution.jobId}"></property>
		<property name="executionContext"
			value="#{stepExecution.jobExecution.executionContext}"></property>
	</bean>

	<bean id="panVerificationUsingICAToRangeMapping"
		class="com.mastercard.ess.eds.core.icatopanmapping.PanVerificationUsingICAToRangeMapping"
		scope="step">
		<property name="executionContext"
			value="#{stepExecution.jobExecution.executionContext}"></property>
	</bean>

	<bean id="riskRecordItemProcessor"
		class="com.mastercard.ess.eds.batch.processor.RiskRecordItemProcessor"
		scope="step">
		<property name="jobInstanceName"
			value="#{stepExecution.jobExecution.jobInstance.jobName}"></property>
		<property name="jobInstanceId" value="#{stepExecution.jobExecution.jobId}"></property>
	</bean>

	<bean id="riskRecordItemReader"
		class="org.springframework.batch.item.database.JdbcCursorItemReader"
		scope="step">
		<property name="dataSource" ref="edsDataSource" />
		<property name="verifyCursorPosition" value="false" />
		<property name="fetchSize" value="500" />
		<property name="sql">
			<value>
			<![CDATA[
				SELECT data.EDS_PRCSS_DATA_ID,data.EDS_SRC_DATA_ID, data.PAN_NUM, data.CARD_BIN_NUM, data.ICA_NUM, data.RTN_CD, data.BRND_PRDCT_CD,
			    data.PRICE_CAT_CD, data.CNFDNC_SCR_NUM, data.LST_ACTVY_DT, data.DAYS_SINCE_LST_ACTVY_CNT, data.ACCT_VALID_SW, data.PAN_DUP_SW, data.ACCT_ACTV_SW,
			    data.ADC_NOTIF_SW, data.CRTE_USER_ID, data.CRTE_DT, data.LST_UPDT_USER_ID,  data.LST_UPDT_DT, data.CID_NUM, data.FRAUD_RPT_SW, data.STAT_CD, 
			    data.RPT_SW FROM EDS_OWNER.EDS_PRCSS_DATA data WHERE data.ICA_NUM = ? AND data.STAT_CD = 5
			    AND data.PRICE_CAT_CD != 0 AND data.CNFDNC_SCR_NUM != -1 AND data.PAN_DUP_SW = 'N' AND  data.CRTE_DT > SYSDATE - ? 
			    ORDER BY data.EDS_PRCSS_DATA_ID ASC
				]]>
			</value>
		</property>

		<property name="rowMapper">
			<bean class="com.mastercard.ess.eds.core.mapper.RiskRecordRowMapper" />
		</property>

		<property name="preparedStatementSetter" ref="statementSetter" />

	</bean>

	<bean id="statementSetter"
		class="org.springframework.batch.core.resource.ListPreparedStatementSetter"
		scope="step">
		<property name="parameters">
			<list>
				<value>#{stepExecutionContext[ica]}</value>
				<value>#{stepExecutionContext[histDays]}</value>
			</list>
		</property>
	</bean>


	<bean id="customerFileGenerationPartitioner"
		class="com.mastercard.ess.eds.batch.partitioner.CustomerFileGenerationPartitioner" scope="step">
		<property name="executionContext"
			value="#{stepExecution.jobExecution.executionContext}"></property>
	</bean>



	

	<!-- <task:scheduled-tasks> <task:scheduled ref="generateFileScheduler" 
		method="run" cron="#{schedulerProperties['generateFileScheduler.cron.expression']}" 
		/> </task:scheduled-tasks> -->

	<bean id="generateFileScheduler" class="com.mastercard.ess.eds.core.util.GenerateFileScheduler">
	</bean>

	<bean id="fileGenerationDAO" class="com.mastercard.ess.eds.core.dao.FileGenerationRulesDao">
		<constructor-arg name="dataSource" ref="edsDataSource" />
	</bean>

	<bean id="brandExclusionDAO" class="com.mastercard.ess.eds.core.dao.BrandExclusionDAO">
		<constructor-arg name="dataSource" ref="edsDataSource" />
	</bean>

	<task:scheduled-tasks>
		<task:scheduled ref="generateFileRuleCacheScheduler"
			method="updateCache"
			cron="#{schedulerProperties['generateFileRuleCache.cron.expression']}" />
	</task:scheduled-tasks>

	<bean id="generateFileRuleCacheScheduler"
		class="com.mastercard.ess.eds.core.util.FileGenerationRulesCache">
	</bean>

	<task:scheduled-tasks>
		<task:scheduled ref="brandExclusionCacheScheduler"
			method="updateListOfExcludedBrands"
			cron="#{schedulerProperties['brandExclusionCache.cron.expression']}" />
	</task:scheduled-tasks>

	<bean id="brandExclusionCacheScheduler" class="com.mastercard.ess.eds.core.util.BrandExclusionCache"></bean>

	<bean id="lastBatchJobRunDao" class="com.mastercard.ess.eds.core.dao.LastBatchJobRunDao">
		<constructor-arg name="dataSource" ref="edsDataSource" />
	</bean>
	
	<bean id="updateStausTasklet" class="com.mastercard.ess.eds.batch.tasklet.UpdateFileGenStatusTasklet" scope="step" >
		<property name="jobInstanceName"
			value="#{stepExecution.jobExecution.jobInstance.jobName}"></property>
		<property name="jobInstanceId" value="#{stepExecution.jobExecution.jobId}"></property>
	</bean>
	
	<bean id="updateSendCustomerBatchFileTasklet" class="com.mastercard.ess.eds.batch.tasklet.UpdateGFTSendStatusTasklet" scope="step">
		<property name="jobInstanceName" value="#{stepExecution.jobExecution.jobInstance.jobName}"></property>
		<property name="jobInstanceId" value="#{stepExecution.jobExecution.jobId}"></property>
		<property name="executionContext" value="#{stepExecution.jobExecution.executionContext}"></property>
	</bean>
	
	<bean id="customerDecider" class ="com.mastercard.ess.eds.batch.decider.CustomerDecider" />
	
	<bean id="updateCustomerContextTasklet" class="com.mastercard.ess.eds.batch.tasklet.UpdateCustomerContextTasklet" scope="step">
		<property name="customerRunMode" value="#{jobParameters['runMode']}"></property>
		<property name="executionContext" value="#{stepExecution.jobExecution.executionContext}"></property>
	</bean>
	
	<bean id="uniqueFileNameFetcherUtils" class="com.mastercard.ess.eds.core.util.UniqueFileNameFetcherUtils" init-method="initQueue">
		<property value="${customerFile.number}" name="size"/>
	</bean>
	
</beans>
