<?xml version="1.0" encoding="UTF-8"?>
<beans xmlns="http://www.springframework.org/schema/beans"
	xmlns:batch="http://www.springframework.org/schema/batch" xmlns:jdbc="http://www.springframework.org/schema/jdbc"
	xmlns:xsi="http://www.w3.org/2001/XMLSchema-instance" xmlns:context="http://www.springframework.org/schema/context"
	xmlns:task="http://www.springframework.org/schema/task" xmlns:util="http://www.springframework.org/schema/util"
	xsi:schemaLocation="http://www.springframework.org/schema/jdbc http://www.springframework.org/schema/jdbc/spring-jdbc.xsd
		http://www.springframework.org/schema/beans http://www.springframework.org/schema/beans/spring-beans.xsd
		http://www.springframework.org/schema/batch http://www.springframework.org/schema/batch/spring-batch.xsd
		http://www.springframework.org/schema/context http://www.springframework.org/schema/context/spring-context.xsd
		http://www.springframework.org/schema/task  http://www.springframework.org/schema/task/spring-task.xsds
		http://www.springframework.org/schema/util http://www.springframework.org/schema/util/spring-util.xsd">

	<batch:job id="customerDeliveryReportJob">
		<batch:step id="customerDeliveryReportGenerationMasterStep">
			<tasklet>
				<chunk reader="customerDeliverySyncItemReader" writer="customerDeliveryReportWriter" commit-interval="100" />
			</tasklet>
			<batch:next on="COMPLETED" to="sendCustomerDeliveryReport" />
			<batch:end on="FAILED"/>
		</batch:step>
		<batch:step id="sendCustomerDeliveryReport">
			<batch:tasklet ref="emailCustomerDeliveryReportTasklet">
			</batch:tasklet>
		</batch:step>
	</batch:job>
	
	<bean id="emailCustomerDeliveryReportTasklet"
		class="com.mastercard.ess.eds.core.util.EmailDeliveryReportTasklet">
	</bean>

	<bean id="customerDeliverySyncItemReader"
		class="org.springframework.batch.item.support.SynchronizedItemStreamReader">
		<property name="delegate" ref="customerDeliveryReportReader" />
	</bean>

	<bean id="customerDeliveryReportReader"
		class="org.springframework.batch.item.database.JdbcCursorItemReader"
		scope="step">
		<property name="dataSource" ref="edsDataSource" />
		<property name="sql">
			<value>
				select
				a.code,a.PRICE_CAT_CD,to_char(to_date(a.month||'/'||a.year,'mm/yyyy'),'Mon-yy')
				as period,count(d.pan_num) as pan_count from
				(select
				b.code,b.PRICE_CAT_CD,a.year,a.month from
				( SELECT To_char
				(ADD_MONTHS (SYSDATE, -(LEVEL - 0)), 'MM') month,
				to_char (ADD_MONTHS
				(SYSDATE, -(LEVEL - 0)),'YYYY') year
				FROM DUAL
				CONNECT BY LEVEL &lt;=
				12)a
				cross join
				(select b.code,a.PRICE_CAT_CD from
				(select PRICE_CAT_CD
				from EDS_OWNER.eds_price_cat_rule where
				eds_price_cat_rule_id &lt;
				7)a
				cross join
				(select distinct code from EDS_OWNER.mps_mbr order by
				code)b order by
				b.code,a.PRICE_CAT_CD)b order by
				b.code,b.PRICE_CAT_CD,a.year,a.month) a

				left outer JOIN
				(select
				to_char(epd.crte_dt,'mm') as month, to_char(epd.crte_dt,'yyyy') as
				year,
				epd.pan_num , epd.PRICE_CAT_CD, mmb.code,epd.ACCT_ACTV_SW
				,epd.ACCT_VALID_SW
				from EDS_OWNER.eds_prcss_data epd inner join
				EDS_OWNER.mps_mbr mmb
				on mmb.mbr_id= epd.ica_num where
				epd.ACCT_ACTV_SW = 'Y' AND epd.STAT_CD=7 AND
				epd.ACCT_VALID_SW = 'Y') d
				on a.year=d.year
				and a.month=d.month and a.code=d.code and
				a.PRICE_CAT_CD=d.PRICE_CAT_CD
				group by
				a.code,a.PRICE_CAT_CD,a.year,a.month order by
				a.code,a.PRICE_CAT_CD,a.year desc,a.month desc
			</value>
		</property>

		<property name="rowMapper">
			<bean class="com.mastercard.ess.eds.core.mapper.CustomerDeliveryReportRowMapper" scope="step" />
		</property>
	</bean>

	<bean id="customerDeliveryReportWriter" class="com.mastercard.ess.eds.batch.writer.CustomerDeliveryReportGenerationItemWriter" scope="step">
		<property name="jobInstanceId" value="#{stepExecution.jobExecution.jobId}"></property>
		<property name="jobInstanceName" value="#{stepExecution.jobExecution.jobInstance.jobName}"></property>
	</bean>
	
</beans>
		