<?xml version="1.0" encoding="UTF-8"?>
<beans xmlns="http://www.springframework.org/schema/beans"
	xmlns:int="http://www.springframework.org/schema/integration"
	xmlns:int-file="http://www.springframework.org/schema/integration/file"
	xmlns:int-mail="http://www.springframework.org/schema/integration/mail"
	xmlns:int-stream="http://www.springframework.org/schema/integration/stream"
	xmlns:task="http://www.springframework.org/schema/task" xmlns:xsi="http://www.w3.org/2001/XMLSchema-instance"
	xmlns:context="http://www.springframework.org/schema/context"
	xsi:schemaLocation="http://www.springframework.org/schema/integration/mail http://www.springframework.org/schema/integration/mail/spring-integration-mail.xsd
             http://www.springframework.org/schema/integration http://www.springframework.org/schema/integration/spring-integration.xsd
             http://www.springframework.org/schema/integration/file http://www.springframework.org/schema/integration/file/spring-integration-file.xsd
             http://www.springframework.org/schema/integration/stream http://www.springframework.org/schema/integration/stream/spring-integration-stream.xsd
             http://www.springframework.org/schema/beans http://www.springframework.org/schema/beans/spring-beans.xsd
             http://www.springframework.org/schema/task  http://www.springframework.org/schema/task/spring-task.xsd
             http://www.springframework.org/schema/context http://www.springframework.org/schema/context/spring-context.xsd">

	<context:property-placeholder
		location="classpath*:database.properties,scheduler.properties" />

	<int:channel id="eventReceiverInputQueue" />
	<int:channel id="output">
	</int:channel>
	<int:service-activator id="runNotification"
		input-channel="eventReceiverInputQueue" output-channel="output" method="receiveEvent">

		<bean class="com.mastercard.ess.eds.notification.events.Receiver" />
	</int:service-activator>
	<bean id="notificationDao" class="com.mastercard.ess.eds.notification.dao.NotificationDAO">
		<property name="dataSource" ref="edsDataSource" />
	</bean>
	
	<bean id="edsMailSender" class="com.mastercard.ess.eds.notification.sender.EDSMailSender">
	</bean>
	
	<bean id="mailTransformerEngineScheduler"
		class="com.mastercard.ess.eds.notification.mail.MailTransformerEngine"
		init-method="pollEventsUsingStatus">
	</bean>

	<!-- <bean id="basicDataSource" class="org.springframework.jdbc.datasource.DriverManagerDataSource">
		<property name="driverClassName" value="${jdbc.driverClassName}" />
		<property name="url" value="${jdbc.url}" />
		<property name="username" value="${jdbc.username}" />
		<property name="password" value="${jdbc.password}" />
	</bean>  -->
	
	<task:scheduled-tasks>
		<task:scheduled ref="mailTransformerEngineScheduler"
			method="pollEventsUsingStatus"
			cron="#{schedulerProperties['mailTransformerEngine.cron.expression']}" />
	</task:scheduled-tasks>

</beans>