<?xml version="1.0" encoding="UTF-8"?>

<beans xmlns="http://www.springframework.org/schema/beans"
	xmlns:batch="http://www.springframework.org/schema/batch" xmlns:jdbc="http://www.springframework.org/schema/jdbc"
	xmlns:xsi="http://www.w3.org/2001/XMLSchema-instance" xmlns:context="http://www.springframework.org/schema/context"
	xmlns:task="http://www.springframework.org/schema/task" xmlns:util="http://www.springframework.org/schema/util"
	xsi:schemaLocation="http://www.springframework.org/schema/jdbc http://www.springframework.org/schema/jdbc/spring-jdbc.xsd
		http://www.springframework.org/schema/beans http://www.springframework.org/schema/beans/spring-beans.xsd
		http://www.springframework.org/schema/batch http://www.springframework.org/schema/batch/spring-batch.xsd
		http://www.springframework.org/schema/context http://www.springframework.org/schema/context/spring-context.xsd
		http://www.springframework.org/schema/task  http://www.springframework.org/schema/task/spring-task.xsd
		http://www.springframework.org/schema/util http://www.springframework.org/schema/util/spring-util.xsd">



	<batch:job id="fraudReportGenerationJob">
		<batch:split id="fraudReportSplit" task-executor="taskExecutorFraud">
			<batch:flow>
				<batch:step id="fraudSubscribedBeforeCountStep">
					<batch:tasklet ref="fraudSubscribedBeforeCountTasklet" />
				</batch:step>
			</batch:flow>
			<batch:flow>
				<batch:step id="fraudUnsubscribedBeforeCountStep">
					<batch:tasklet ref="fraudUnsubscribedBeforeCountTasklet" />
				</batch:step>
			</batch:flow>
			<batch:flow>
				<batch:step id="fraudSubscribedAfterCountStep">
					<batch:tasklet ref="fraudSubscribedAfterCountTasklet" />
				</batch:step>
			</batch:flow>
			<batch:flow>
				<batch:step id="fraudUnsubscribedAfterCountStep">
					<batch:tasklet ref="fraudUnsubscribedAfterCountTasklet" />
				</batch:step>
			</batch:flow>
			<batch:next on="COMPLETED" to="fraudReportGeneratorStep" />
			<batch:end on="FAILED" />
		</batch:split>

		<batch:step id="fraudReportGeneratorStep">
			<batch:tasklet ref="fraudReportGeneratorTasklet" />
			<batch:next on="COMPLETED" to="sendFraudReport" />
			<batch:fail on="FAILED"/>
		</batch:step>
		<!-- send fraud report with email -->
		<batch:step id="sendFraudReport">
			<batch:tasklet ref="emailFraudReportTasklet">
			</batch:tasklet>
		</batch:step>

	</batch:job>

	<bean id="fraudReportGeneratorTasklet"
		class="com.mastercard.ess.eds.batch.tasklet.FraudReportGeneratorTasklet"
		scope="step" />

	<bean id="fraudSubscribedBeforeCountTasklet"
		class="com.mastercard.ess.eds.batch.tasklet.FraudSubscribedBeforeCountTasklet"
		scope="step" />

	<bean id="fraudUnsubscribedBeforeCountTasklet"
		class="com.mastercard.ess.eds.batch.tasklet.FraudUnsubscribedBeforeCountTasklet"
		scope="step" />

	<bean id="fraudSubscribedAfterCountTasklet"
		class="com.mastercard.ess.eds.batch.tasklet.FraudSubscribedAfterCountTasklet"
		scope="step" />

	<bean id="fraudUnsubscribedAfterCountTasklet"
		class="com.mastercard.ess.eds.batch.tasklet.FraudUnsubscribedAfterCountTasklet"
		scope="step" />

	<bean id="taskExecutorFraud"
		class="org.springframework.scheduling.concurrent.ThreadPoolTaskExecutor">
		<property name="corePoolSize" value="10" />
		<property name="maxPoolSize" value="20" />
		<property name="allowCoreThreadTimeOut" value="true" />
	</bean>

	<bean id="emailFraudReportTasklet"
		class="com.mastercard.ess.eds.core.util.EmailFraudReportTasklet">
	</bean>

</beans>
		