<?xml version="1.0" encoding="UTF-8"?>

<beans xmlns="http://www.springframework.org/schema/beans"
	xmlns:batch="http://www.springframework.org/schema/batch"
	xmlns:jdbc="http://www.springframework.org/schema/jdbc"
	xmlns:xsi="http://www.w3.org/2001/XMLSchema-instance"
	xmlns:context="http://www.springframework.org/schema/context"
	xmlns:task="http://www.springframework.org/schema/task"
	xmlns:util="http://www.springframework.org/schema/util"
	xsi:schemaLocation="http://www.springframework.org/schema/jdbc http://www.springframework.org/schema/jdbc/spring-jdbc.xsd
		http://www.springframework.org/schema/beans http://www.springframework.org/schema/beans/spring-beans.xsd
		http://www.springframework.org/schema/batch http://www.springframework.org/schema/batch/spring-batch.xsd
		http://www.springframework.org/schema/context http://www.springframework.org/schema/context/spring-context.xsd
		http://www.springframework.org/schema/task  http://www.springframework.org/schema/task/spring-task.xsd
		http://www.springframework.org/schema/util http://www.springframework.org/schema/util/spring-util.xsd" >

	<batch:job id="importRawRecords">
		<batch:step id="validateFile">
			<batch:tasklet ref="basicFileValidator" />
			<batch:next on="COMPLETED" to="preProcessor"/>
			<batch:fail on="FAILED" />
		</batch:step>
		<batch:step id="preProcessor">
			<batch:tasklet ref="preProcessFile" />
			<batch:next on="COMPLETED" to="DeDupeSourceData"/>
			<batch:end on="FAILED" />
		</batch:step>
		<batch:step id="DeDupeSourceData">
			<batch:tasklet ref="deDupePanInitTasklet" />
			<batch:next on="COMPLETED" to="loadRawRecords"/>
			<batch:fail on="FAILED" />
		</batch:step>
		<batch:step id="loadRawRecords" >
			<batch:tasklet task-executor="taskExecutor"
				throttle-limit="5">
				<batch:chunk reader="syncItemReader" writer="itemWriter"
					commit-interval="10" skip-limit="10000">
					<batch:skippable-exception-classes>
						<batch:include
							class="org.springframework.batch.item.file.FlatFileParseException" />
					</batch:skippable-exception-classes>
					<batch:listeners>
						<batch:listener>
							<bean
								class="com.mastercard.ess.eds.batch.listener.FlatFileParseExceptionListener" />
						</batch:listener>
						<batch:listener>
							<bean
								class="com.mastercard.ess.eds.batch.listener.RawRecordReadWriteStepListener" scope="step">
								<property name="jobInstanceId" value="#{stepExecution.jobExecution.jobId}"></property>
								</bean>
						</batch:listener>
					</batch:listeners>
				</batch:chunk>
			</batch:tasklet>
			<batch:next on="COMPLETED" to="deleteDir" />
			<batch:end on="FAILED" />
		</batch:step>
		<batch:step id="deleteDir">
			<batch:tasklet ref="fileDeletingTasklet" />
		</batch:step>
	</batch:job>

	<bean id="itemWriter" scope="step"
		class="com.mastercard.ess.eds.batch.writer.RawRecordDBWriter">
		<property name="srcName" value="#{jobParameters['input.file']}"></property>
		<property name="jobInstanceId" value="#{stepExecution.jobExecution.jobId}"></property>
	</bean>

	<bean id="itemWriterDao"
		class="com.mastercard.ess.eds.core.dao.RawRecordDBWriterDao">
		
		<constructor-arg name="dataSource" ref="edsDataSource" />
	</bean>

	<bean id="syncItemReader"
		class="org.springframework.batch.item.support.SynchronizedItemStreamReader">
		<property name="delegate" ref="itemReader" />
	</bean>

	<bean id="itemReader" class="org.springframework.batch.item.file.FlatFileItemReader"
		scope="step">
		<property name="resource" value="#{jobParameters['input.unzipped.file']}" />
		<property name="linesToSkip" value="1" />
		<property name="recordSeparatorPolicy" ref="blankLineRecordsSeparatorPolicy" />
		<property name="lineMapper">
			<bean class="com.mastercard.ess.eds.batch.mapper.RawRecordLineMapper">
				<property name="lineTokenizer">
					<bean
						class="org.springframework.batch.item.file.transform.DelimitedLineTokenizer">
						<property name="names" value="#{stepExecution.jobExecution.executionContext.get('vendorProperties').get('payload.tokens')}" />
					</bean>
				</property>
				<property name="fieldSetMapper">
					<bean class="com.mastercard.ess.eds.batch.mapper.RawRecordFieldSetMapper">
						<property name="jobInstanceName"
							value="#{stepExecution.jobExecution.jobInstance.jobName}"></property>
						<property name="executionContext"
							value="#{stepExecution.jobExecution.executionContext}"></property>
					</bean>
				</property>
			</bean>
		</property>
	</bean>

	<bean id="blankLineRecordsSeparatorPolicy"
		class="com.mastercard.ess.eds.batch.reader.BlankLineRecordSeparatorPolicy">
	</bean>

	<bean id="basicFileValidator"
		class="com.mastercard.ess.eds.batch.validator.BasicFileValidator" scope="step">
		<property name="jobInstanceId" value="#{stepExecution.jobExecution.jobId}"></property>
	</bean>
	
	<bean id="preProcessFile"
		class="com.mastercard.ess.eds.batch.validator.PreProcessor">
	</bean>
	
	<bean id="deDupePanInitTasklet"
		class="com.mastercard.ess.eds.core.util.DeDupeInitTasklet">
	</bean>
	
	<bean id="fileDeletingTasklet" class="com.mastercard.ess.eds.core.util.FileDeletingTasklet">		
	</bean>

	<bean id="edsSourceDao" class="com.mastercard.ess.eds.core.dao.EDSSourceDao">
		<constructor-arg name="dataSource" ref="edsDataSource" />
	</bean>

	<bean id="taskExecutor"
		class="org.springframework.scheduling.concurrent.ThreadPoolTaskExecutor">
		<property name="corePoolSize" value="10" />
		<property name="maxPoolSize" value="30" />
		<property name="queueCapacity" value="25" />
	</bean>

	<bean
		class="org.springframework.beans.factory.config.PropertyPlaceholderConfigurer">
		<property name="locations">
			<list>
				<value>database.properties</value>
				<value>config.properties</value>
			</list>
		</property>
	</bean>
	<!-- <bean id="dataSource"
		class="org.springframework.jdbc.datasource.DriverManagerDataSource" primary="true">
		<property name="driverClassName" value="${jdbc.driverClassName}" />
		<property name="url" value="${jdbc.url}" />
		<property name="username" value="${jdbc.username}" />
		<property name="password" value="${jdbc.password}" />
	</bean> -->

	<!-- <bean id="transactionManager"
		class="org.springframework.jdbc.datasource.DataSourceTransactionManager">
		<property name="dataSource" ref="edsDataSource"></property>
	</bean> -->

	<!-- <bean id="jobLauncher"
		class="org.springframework.batch.core.launch.support.SimpleJobLauncher">
		<property name="jobRepository" ref="jobRepositoryFactory"></property>
		<property name="taskExecutor" ref="taskExecutor"></property>
	</bean> -->

<bean id="nativeJdbcExtractor" class="org.springframework.jdbc.support.nativejdbc.OracleJdbc4NativeJdbcExtractor"/>

	<bean id="oracleLobHandler" class="org.springframework.jdbc.support.lob.OracleLobHandler">
		<property name="nativeJdbcExtractor" ref ="nativeJdbcExtractor" />
	</bean>

	<!-- <bean id="jobRepositoryFactory"
		class="org.springframework.batch.core.repository.support.JobRepositoryFactoryBean">
		<property name="dataSource" ref="edsDataSource"></property>
		<property name="transactionManager" ref="transactionManager"></property>
		<property name="isolationLevelForCreate" value="ISOLATION_DEFAULT"></property>
		<property name="lobHandler" ref="oracleLobHandler"/>
	</bean> -->

	<bean id="jdbcTemplate" class="org.springframework.jdbc.core.JdbcTemplate">
		<constructor-arg name="dataSource" ref="edsDataSource" />
	</bean>

	<bean class="org.springframework.batch.core.scope.StepScope" />
	
	<context:property-placeholder properties-ref="schedulerProperties" />
	
	<util:properties id="schedulerProperties" location="scheduler.properties" />
	
	<bean id="panProcessScheduler" class="com.mastercard.ess.eds.core.util.PANProcessScheduler">
	</bean>
	
	
	<bean id="priceCategoryRuleCacheScheduler" class="com.mastercard.ess.eds.core.util.PriceCategoryRuleCache" init-method="updateCache">
	</bean>
	
	 <bean id="notificationEventCacheScheduler" class="com.mastercard.ess.eds.notification.util.NotificationEventCache" >
	</bean>
	
	<bean id="cppAnalysisScheduler" class="com.mastercard.ess.eds.batch.scheduler.CPPAnalysisScheduler">
	</bean>
	
	
	<task:scheduled-tasks>
		<task:scheduled ref="priceCategoryRuleCacheScheduler" method="updateCache" cron="#{schedulerProperties['priceCategoryRuleCache.cron.expression']}"/>
	</task:scheduled-tasks>
	
	 <task:scheduled-tasks>
		<task:scheduled ref="notificationEventCacheScheduler" method="updateCache" cron="#{schedulerProperties['notificationEventCache.cron.expression']}"/>
	</task:scheduled-tasks>
	
	<!-- <task:scheduled-tasks>
		<task:scheduled ref="cppAnalysisScheduler" method="run" cron="#{schedulerProperties['cppAnalysisScheduler.cron.expression']}"/>
	</task:scheduled-tasks> -->
	
	 
</beans>