<?xml version="1.0" encoding="UTF-8"?>
<beans xmlns="http://www.springframework.org/schema/beans"
	xmlns:int="http://www.springframework.org/schema/integration"
	xmlns:int-file="http://www.springframework.org/schema/integration/file"
	xmlns:int-mail="http://www.springframework.org/schema/integration/mail"
	xmlns:int-stream="http://www.springframework.org/schema/integration/stream"
	xmlns:xsi="http://www.w3.org/2001/XMLSchema-instance" xmlns:context="http://www.springframework.org/schema/context"
	xsi:schemaLocation="http://www.springframework.org/schema/integration/mail http://www.springframework.org/schema/integration/mail/spring-integration-mail.xsd
             http://www.springframework.org/schema/integration http://www.springframework.org/schema/integration/spring-integration.xsd
             http://www.springframework.org/schema/integration/file http://www.springframework.org/schema/integration/file/spring-integration-file.xsd
             http://www.springframework.org/schema/integration/stream http://www.springframework.org/schema/integration/stream/spring-integration-stream.xsd
             http://www.springframework.org/schema/beans http://www.springframework.org/schema/beans/spring-beans.xsd
             http://www.springframework.org/schema/context http://www.springframework.org/schema/context/spring-context.xsd">

<!-- 	<int:poller default="true" fixed-rate="10" />

	<int:channel id="files" />

	<int:channel id="requests" />

	<int:channel id="statuses">
		<int:queue capacity="10" />
	</int:channel>

	<int-file:inbound-channel-adapter id="pollDataFile"
		directory="${polldatafile.directory}" channel="files"
		filter="compositeFilter" prevent-duplicates="true">
		 <int:poller fixed-delay="1" time-unit="MINUTES" max-messages-per-poll="1">
		</int:poller>
	</int-file:inbound-channel-adapter>

<bean id="compositeFilter"
    class="org.springframework.integration.file.filters.CompositeFileListFilter">
    <constructor-arg>
        <list>
             <bean class="org.springframework.integration.file.filters.RegexPatternFileListFilter">
                <constructor-arg value="[a-zA-Z.]+\.*$"/>
            </bean>
            <bean class="org.springframework.integration.file.filters.LastModifiedFileListFilter">
        		<property name="age" value="30" />
        	</bean>    
        </list>
    </constructor-arg>

		
	</bean>

	<int:service-activator input-channel="files"
		output-channel="requests" method="adapt">

		<bean
			class="com.mastercard.ess.eds.core.util.ZippedFileToJobLaunchRequestAdapter">
			<property name="job" ref="importRawRecords" />
		</bean>
	</int:service-activator>

	<int:service-activator id="runJob" method="launch"
		input-channel="requests" output-channel="statuses">
		<bean
			class="org.springframework.batch.integration.launch.JobLaunchingMessageHandler">
			<constructor-arg ref="jobLauncher" />
		</bean>
	</int:service-activator>

	<int:gateway id="notificationExecutionsListener"
		service-interface="org.springframework.batch.core.JobExecutionListener"
		default-request-channel="jobExecutions" />

	<int:channel id="jobExecutions" /> <int:router id="executionsRouter" 
		input-channel="jobExecutions"> <bean class="org.springframework.batch.integration.samples.payments.JobExecutionsRouter" 
		/> </int:router> <int:channel id="jobRestarts" /> <int:chain input-channel="jobRestarts"> 
		<int:delayer id="wait5sec" default-delay="5000" /> <int:service-activator> 
		<bean class="org.springframework.batch.integration.samples.payments.JobRestart" 
		/> </int:service-activator> </int:chain>
	<int:channel id="chunkExecutions" />

	<int-stream:stdout-channel-adapter
		id="printToConsole" channel="chunkExecutions" auto-startup="true" />

	<int:channel id="completeApplication">
		<int:queue />
	</int:channel>  -->

</beans>