<?xml version="1.0" encoding="UTF-8"?>

<beans xmlns="http://www.springframework.org/schema/beans"
	xmlns:batch="http://www.springframework.org/schema/batch" xmlns:jdbc="http://www.springframework.org/schema/jdbc"
	xmlns:xsi="http://www.w3.org/2001/XMLSchema-instance" xmlns:context="http://www.springframework.org/schema/context"
	xmlns:task="http://www.springframework.org/schema/task" xmlns:util="http://www.springframework.org/schema/util"
	xsi:schemaLocation="http://www.springframework.org/schema/jdbc http://www.springframework.org/schema/jdbc/spring-jdbc.xsd
		http://www.springframework.org/schema/beans http://www.springframework.org/schema/beans/spring-beans.xsd
		http://www.springframework.org/schema/batch http://www.springframework.org/schema/batch/spring-batch.xsd
		http://www.springframework.org/schema/context http://www.springframework.org/schema/context/spring-context.xsd
		http://www.springframework.org/schema/task  http://www.springframework.org/schema/task/spring-task.xsd
		http://www.springframework.org/schema/util http://www.springframework.org/schema/util/spring-util.xsd">

	<batch:job id="panUnavailableNotificationJob">

		<batch:step id="notifyCustomers" >
			<batch:tasklet> 
				<batch:chunk reader="panReader" writer="panWriter" commit-interval="50">
				</batch:chunk>
			</batch:tasklet>
			<batch:next on="COMPLETED" to="lastRunUpdate"/>
			<batch:end on="FAILED" />
		</batch:step>
		<batch:step id="lastRunUpdate">
			<batch:tasklet ref="lastBatchRunUpdater" />
			<batch:next on="COMPLETED" to="consolidateEmailStep" />
		</batch:step>
		<batch:step id="consolidateEmailStep">
			<batch:tasklet ref="consolidatedEmailTasklet" />
		</batch:step>
	</batch:job>
	
	<bean id="consolidatedEmailTasklet" class="com.mastercard.ess.eds.batch.tasklet.ConsolidatedEmailTasklet"
		scope="step">
		<property name="jobInstanceName"	value="#{stepExecution.jobExecution.jobInstance.jobName}"></property>
		<property name="jobInstanceId" value="#{stepExecution.jobExecution.jobId}"></property>
	</bean>


	<bean id="panReader"
		class="org.springframework.batch.item.database.JdbcCursorItemReader"
		scope="step">
		<property name="dataSource" ref="edsDataSource" />
		<property name="verifyCursorPosition" value="false" />
		<property name="fetchSize" value="50" />
		<property name="sql">
			<value>
			<![CDATA[
					select mstr.ica_num, mstr.cust_nam from EDS_CUST_MSTR mstr where  mstr.ACTV_SW = 'Y' and mstr.ica_num not in  
    				(select distinct(ica_num) from EDS_PRCSS_DATA prcss where prcss.cust_pan_rpt_id is not null and prcss.crte_dt between 
                    (select LST_RUN_DT from EDS_LST_BAT_JOB_RUN where JOB_NAM = 'panUnavailableNotificationJob') - 1 and sysdate)
			 ]]>
			</value>
		</property>
		<property name="rowMapper">
			<bean class="com.mastercard.ess.eds.core.mapper.EDSCustomerRowMapper" scope="step" />
		</property>
	</bean>

	<bean id="panWriter" class="com.mastercard.ess.eds.batch.writer.PanUnavailabilityEventWriter" scope="step">
		<property name="executionContext"	value="#{stepExecution.jobExecution.executionContext}"></property>
	</bean>
	
	<bean id="lastBatchRunUpdater" class="com.mastercard.ess.eds.core.util.LastBatchRunUpdater" scope="step">
		 <property name="jobInstanceName" value="#{stepExecution.jobExecution.jobInstance.jobName}"></property>
	</bean>
	
	<context:property-placeholder properties-ref="schedulerProperties" />

	<util:properties id="schedulerProperties" location="scheduler.properties" />

	<!-- <task:scheduled-tasks>
		<task:scheduled ref="panUnavailableScheduler" method="run" cron="#{schedulerProperties['panUnavailableScheduler.cron.expression']}" />
	</task:scheduled-tasks> -->

	<bean id="panUnavailableScheduler"
		class="com.mastercard.ess.eds.core.util.PanUnavailabilityNotificationScheduler">
	</bean>


</beans>