<?xml version="1.0" encoding="UTF-8"?>

<beans xmlns="http://www.springframework.org/schema/beans"
	xmlns:batch="http://www.springframework.org/schema/batch" xmlns:jdbc="http://www.springframework.org/schema/jdbc"
	xmlns:xsi="http://www.w3.org/2001/XMLSchema-instance" xmlns:context="http://www.springframework.org/schema/context"
	xmlns:task="http://www.springframework.org/schema/task" xmlns:util="http://www.springframework.org/schema/util"
	xsi:schemaLocation="http://www.springframework.org/schema/jdbc http://www.springframework.org/schema/jdbc/spring-jdbc.xsd
		http://www.springframework.org/schema/beans http://www.springframework.org/schema/beans/spring-beans.xsd
		http://www.springframework.org/schema/batch http://www.springframework.org/schema/batch/spring-batch.xsd
		http://www.springframework.org/schema/context http://www.springframework.org/schema/context/spring-context.xsd
		http://www.springframework.org/schema/task  http://www.springframework.org/schema/task/spring-task.xsd
		http://www.springframework.org/schema/util http://www.springframework.org/schema/util/spring-util.xsd">

	<batch:job id="panProcessJob">
		<batch:step id="loadDataInCache">
			<batch:tasklet ref = "cacheLoader" />
			<batch:next on="COMPLETED" to="panProcessMasterStep"/>
			<batch:fail on="FAILED" exit-code="LoadDataInCache Step Failed" /> <!-- This exit-code will be logged in BATCH_JOB_EXECUTION table. -->
		</batch:step>
		<batch:step id="panProcessMasterStep">
			<partition partitioner="panProcessPartitioner" handler="panProcessHandler">
			</partition>
		</batch:step>

	</batch:job>

	<bean id="panProcessHandler"
		class="org.springframework.batch.core.partition.support.TaskExecutorPartitionHandler"
		scope="step">
		<property name="taskExecutor" ref="panProcessTaskExecutor"></property>
		<property name="step" ref="processPANs"></property>
		<property name="gridSize" value="20"></property>
	</bean>
	
	<batch:step id="processPANs">	
		<batch:tasklet>
			<batch:chunk reader="rawRecordItemReader1" writer="edsRecordDBWriter"
				processor="panProcessor" commit-interval="100" skip-limit="60000" processor-transactional="false">
				<batch:skippable-exception-classes>
					<batch:include
						class="org.springframework.batch.item.validator.ValidationException" />
					<batch:include
						class="com.mastercard.ess.eds.batch.exception.InvalidCPPRecordException" />
				</batch:skippable-exception-classes>
				<batch:listeners>
					<batch:listener>
						<bean
							class="com.mastercard.ess.eds.batch.listener.RawRecordSkipListener"
							scope="step">
							<property name="jobInstanceName"
								value="#{stepExecution.jobExecution.jobInstance.jobName}"></property>
							<property name="jobInstanceId" value="#{stepExecution.jobExecution.jobId}"></property>
						</bean>
					</batch:listener>
				</batch:listeners>
			</batch:chunk>


		</batch:tasklet>
	</batch:step>
	<bean id="panProcessTaskExecutor"
		class="org.springframework.scheduling.concurrent.ThreadPoolTaskExecutor">
		<property name="corePoolSize" value="20" />
		<property name="maxPoolSize" value="20" />
		<property name="allowCoreThreadTimeOut" value="true" />
	</bean>

	<bean id="panProcessPartitioner"
		class="com.mastercard.ess.eds.batch.partitioner.PanProcessPartitioner"
		scope="step">
		<property name="numRecords" value="60000" />
		<property name="executionContext" value="#{stepExecution.jobExecution.executionContext}"></property>
	</bean>


	<bean id="panProcessor"
		class="org.springframework.batch.item.support.CompositeItemProcessor" scope="step">
		<property name="delegates">
			<list>
				<ref bean="validatingItemProcessor" />
				<ref bean="validateCPPRecordProcessor" />
				<ref bean="panDedupProcessor" />
				<ref bean="rawToEDSRecordProcessor" />
				<ref bean="panVerifierProcessor" />
				<ref bean="transformItemProcessor" />
				<ref bean="adcnotificationprocessor" />
				<ref bean="lastActivityProcessor" />
				<ref bean="fraudDetectionProcessor" />
				<ref bean="DerivedExternalProcessor" />
				<ref bean="priceCategoryProcessor" />
			</list>
		</property>
	</bean>

	<!--for reader/writer/processor set to step scope or application may encounter 
		"java.lang.IllegalStateException: Stream is already initialized. Close before 
		re-opening." runtime error -->
	<!-- <bean id="rawRecordItemReader" class="com.mastercard.ess.eds.batch.reader.RawRecordItemReader" 
		scope="step"/> -->

	<bean id="rawRecordItemReader1"
		class="org.springframework.batch.item.database.JdbcCursorItemReader"
		scope="step" >
		<property name="dataSource" ref="edsDataSource" />
		<property name="sql">
			<value>
                SELECT SD.EDS_SRC_ID, SD.EDS_SRC_DATA_ID, SD.ARTIFACT_ID, SD.URL_ADDR,
                SD.RAW_PAN_NUM, SD.RAW_DATA_TXT, SD.ERR_DTL_DESC, SD.LST_UPDT_DT,  ST.PRVDR_NAM, ST.DERIV_SW,
                SD.LST_UPDT_USER_ID, SD.LINE_NUM, SD.CRTE_DT FROM EDS_SRC_DATA SD, EDS_SRC_TYPE ST, EDS_SRC SRC
                WHERE SRC.EDS_SRC_ID = SD.EDS_SRC_ID  
                AND ST.EDS_SRC_TYPE_ID = SRC.EDS_SRC_TYPE_ID   
                AND SD.STAT_CD = '4' AND
				SD.EDS_SRC_DATA_ID &gt;= '#{stepExecutionContext[startIndex]}' and
				SD.EDS_SRC_DATA_ID &lt;= '#{stepExecutionContext[endIndex]}'
			</value>
		</property>

		<property name="rowMapper">
			<bean
				class="com.mastercard.ess.eds.core.mapper.PanProcessRawRecordRowMapper"
				scope="step" />
		</property>
	</bean>


	<bean id="edsRecordDBWriter" class="com.mastercard.ess.eds.batch.writer.EDSRecordDBWriter"
		scope="step">
		<property name="jobInstanceName"
			value="#{stepExecution.jobExecution.jobInstance.jobName}"></property>
		<property name="jobInstanceId" value="#{stepExecution.jobExecution.jobId}"></property>
	</bean>
	<bean id="validateCPPRecordProcessor"
		class="com.mastercard.ess.eds.batch.processor.ValidateCPPRecordProcessor"
		scope="step">
	</bean>

	<bean id="validatingItemProcessor"
		class="com.mastercard.ess.eds.batch.processor.ValidatingRawRecordItemProcessor"
		scope="step">
		<property name="validator" ref="panValidator" />
	</bean>

	<bean id="rawToEDSRecordProcessor"
		class="com.mastercard.ess.eds.batch.processor.RawRecordToEDSRecordProcessor"
		scope="step" />

	<bean id="panValidator"
		class="com.mastercard.ess.eds.batch.validator.RawRecordValidator">
	</bean>
	
	<bean id="cacheLoader"
		class="com.mastercard.ess.eds.batch.tasklet.CommonCacheLoader">
	</bean>

	 <bean id="panAccountRangeCache" class="com.mastercard.ess.eds.core.util.PANAccountRangeCache">
	 <property name="scheduleExpression" value="#{schedulerProperties['accountrangecache.reloadTime']}"/>
	</bean> 
	
	<bean id="panVerifierProcessor"
		class="com.mastercard.ess.eds.batch.processor.PANVerifierProcessor"
		scope="step" >
		<property name="jobInstanceName"
			value="#{stepExecution.jobExecution.jobInstance.jobName}"></property>
	</bean>
	<bean id="priceCategoryProcessor"
		class="com.mastercard.ess.eds.batch.processor.PriceCategoryProcessor"
		scope="step" />

	<bean id="transformItemProcessor"
		class="com.mastercard.ess.eds.batch.processor.RawRecordToEDSRecordTransformProcessor"
		scope="step" />

	<bean id="adcnotificationprocessor"
		class="com.mastercard.ess.eds.batch.processor.ADCNotificationProcessor"
		scope="step" />

	<bean id="DerivedExternalProcessor"
		class="com.mastercard.ess.eds.batch.processor.DerivedExternalProcessor"
		scope="step" />

	<bean id="adcNotificationDao" class="com.mastercard.ess.eds.core.dao.ADCNotificationDao">

	</bean>


	<bean id="lastActivityProcessor"
		class="com.mastercard.ess.eds.batch.processor.PANLastActivityProcessor"
		scope="step" />

	<bean id="fraudDetectionProcessor"
		class="com.mastercard.ess.eds.batch.processor.FraudDetectionProcessor"
		scope="step" />

	<bean id="panAccountRangeDao" class="com.mastercard.ess.eds.core.dao.PANAccountRangeDAO">
		<constructor-arg name="dataSource" ref="rdsDataSource" />
	</bean>

	<bean id="daAcctRangeDAO" class="com.mastercard.ess.eds.core.dao.DAAcctRangeDAO">
		<constructor-arg name="dataSource" ref="rdsDataSource" />
	</bean>

	<bean id="cidDAO" class="com.mastercard.ess.eds.core.dao.CidDAO">
		<constructor-arg name="dataSource" ref="rdsDataSource" />
	</bean>

	<bean id="edsRecordDao" class="com.mastercard.ess.eds.core.dao.EDSRecordDao">
		<constructor-arg name="dataSource" ref="edsDataSource" />
	</bean>

	<bean id="databaseUtil" class="com.mastercard.ess.eds.batch.config.DatabaseUtil"/>


	<bean id="dwDao" class="com.mastercard.ess.eds.core.dao.DWDao">
		<constructor-arg name="databaseUtil" ref="databaseUtil" />
	</bean>

	<bean id="fraudDao" class="com.mastercard.ess.eds.core.dao.FraudDao" >
		<constructor-arg name="databaseUtil" ref="databaseUtil" />
	</bean>
	
	<bean id="locationDAO" class="com.mastercard.ess.eds.core.dao.LocationDAO" > 
		<constructor-arg name="databaseUtil" ref="databaseUtil" />
	</bean>

	<bean id="priceCategoryDao" class="com.mastercard.ess.eds.core.dao.PriceCategoryDAO">
		<constructor-arg name="dataSource" ref="edsDataSource" />
	</bean>

</beans>