<?xml version="1.0" encoding="UTF-8"?>

<beans xmlns="http://www.springframework.org/schema/beans"
	xmlns:batch="http://www.springframework.org/schema/batch" xmlns:jdbc="http://www.springframework.org/schema/jdbc"
	xmlns:xsi="http://www.w3.org/2001/XMLSchema-instance" xmlns:context="http://www.springframework.org/schema/context"
	xmlns:task="http://www.springframework.org/schema/task" xmlns:util="http://www.springframework.org/schema/util"
	xsi:schemaLocation="http://www.springframework.org/schema/jdbc http://www.springframework.org/schema/jdbc/spring-jdbc.xsd
		http://www.springframework.org/schema/beans http://www.springframework.org/schema/beans/spring-beans.xsd
		http://www.springframework.org/schema/batch http://www.springframework.org/schema/batch/spring-batch.xsd
		http://www.springframework.org/schema/context http://www.springframework.org/schema/context/spring-context.xsd
		http://www.springframework.org/schema/task  http://www.springframework.org/schema/task/spring-task.xsd
		http://www.springframework.org/schema/util http://www.springframework.org/schema/util/spring-util.xsd">

	<batch:job id="billDataBatchJob">
		<batch:step id="billingContextStep" next="billingDecision">
			<batch:tasklet ref="updateBillingContextTasklet" />
		</batch:step>
		
		<!-- This is decider which calls based on the value returned from the decider. 
			GFT_FAILED - If the job runs in GFT failed mode, the tasklet is gftFailureStep 
			is invoked to resent. FILE_GENERATION -Its default mode, if the there is 
			no mode, the decider returns FILE_GENERATION -->
		<batch:decision id="billingDecision" decider="billingDecider">
			<batch:next on="GFT_FAILURE" to="gftFailureStep" />
			<batch:next on="FILE_GENERATION" to="billDataStep" />
		</batch:decision>

		<batch:step id="billDataStep">
			<batch:tasklet ref="billDataTasklet" />
			<batch:next on="COMPLETED" to="step1" />
		</batch:step>
		
		<batch:step id="step1">
			<batch:tasklet>
				<batch:chunk reader="billDataReader" writer="billDataWriter"
					commit-interval="10000">
					<batch:listeners>
						<batch:listener ref="billingStepExecutionListener" />
					</batch:listeners>
				</batch:chunk>
			</batch:tasklet>
			<batch:next on="COMPLETED" to="sendBillingBatchFiles" />
		</batch:step>

		<batch:step id="sendBillingBatchFiles">
			<batch:tasklet ref="sendBillingBatchFilesTasklet">
			</batch:tasklet>
			<batch:next on="COMPLETED" to="lastRunUpdate" />
		</batch:step>

		<batch:step id="lastRunUpdate" next="updateBillingFileStatusStep">
			<batch:tasklet ref="billingLastBatchRunUpdater" />
		</batch:step>


		<batch:step id="updateBillingFileStatusStep">
			<batch:tasklet ref="updateBillingStatusTasklet" />
		</batch:step>

		<batch:step id="gftFailureStep" next="sendBillingBatchFiles">
			<batch:tasklet ref="updateSendBillingBatchFileTasklet" />
		</batch:step>
		
	</batch:job>
	
	<bean id="billDataDao" class="com.mastercard.ess.eds.billing.dao.BillDataDAO">
		<constructor-arg name="dataSource" ref="edsDataSource" />
	</bean>

	<bean id="csvWriterUtils" class="com.mastercard.ess.eds.billing.util.CSVWriterUtils">
	</bean>


	<bean id="billDataWriter" class="com.mastercard.ess.eds.billing.writer.BillDataWriter"
		scope="step">
		<property name="jobInstanceName"
			value="#{stepExecution.jobExecution.jobInstance.jobName}"></property>
		<property name="jobInstanceId" value="#{stepExecution.jobExecution.jobId}"></property>
		<property name="executionContext"
			value="#{stepExecution.jobExecution.executionContext}"></property>

	</bean>

	<bean id="billDataReader"
		class="org.springframework.batch.item.database.JdbcCursorItemReader"
		scope="step">
		<property name="dataSource" ref="edsDataSource" />
		<property name="verifyCursorPosition" value="false" />
		<property name="fetchSize" value="50" />
		<property name="sql">
			<value>
                    <![CDATA[
                    SELECT DISTINCT data.ICA_NUM, data.PAN_NUM, data.PRICE_CAT_CD FROM EDS_PRCSS_DATA data, EDS_LST_BAT_JOB_RUN lastJobRun 
                    WHERE data.EDS_BILL_RPT_ID is NULL and data.STAT_CD = 7 and data.lst_updt_dt > lastJobRun.LST_RUN_DT and lastJobRun.JOB_NAM='billDataBatchJob'    ]]>
			</value>
		</property>
		<property name="rowMapper">
			<bean class="com.mastercard.ess.eds.billing.mapper.BillDataVOMapper"
				scope="step" />
		</property>
	</bean>




	<bean id="sendBillingBatchFilesTasklet"
		class="com.mastercard.ess.eds.billing.tasklet.SendBillingBatchFilesTasklet"
		scope="step">
		<property name="executionContext"
			value="#{stepExecution.jobExecution.executionContext}"></property>
	</bean>

	<bean id="billDataTasklet" class="com.mastercard.ess.eds.billing.tasklet.BillDataTasklet">

	</bean>

	<bean id="billingLastBatchRunUpdater" class="com.mastercard.ess.eds.core.util.LastBatchRunUpdater"
		scope="step">
		<property name="jobInstanceName"
			value="#{stepExecution.jobExecution.jobInstance.jobName}"></property>
	</bean>


	<bean id="billingStepExecutionListener"
		class="com.mastercard.ess.eds.batch.listener.BilllingStepExecutionListener"
		scope="step">
		<property name="jobInstanceName"
			value="#{stepExecution.jobExecution.jobInstance.jobName}"></property>
		<property name="jobInstanceId" value="#{stepExecution.jobExecution.jobId}" />
		<property name="executionContext"
			value="#{stepExecution.jobExecution.executionContext}" />
	</bean>

	<context:property-placeholder
		properties-ref="schedulerProperties" />

	<util:properties id="schedulerProperties" location="scheduler.properties" />


	<bean id="billDataScheduler" class="com.mastercard.ess.eds.billing.util.BillDataScheduler">
	</bean>

	<bean id="updateSendBillingBatchFileTasklet"
		class="com.mastercard.ess.eds.batch.tasklet.UpdateSendBillingBatchFileTasklet" />

	<bean id="updateBillingStatusTasklet"
		class="com.mastercard.ess.eds.batch.tasklet.UpdateBillingStatusTasklet" />

	<bean id="billingDecider" class="com.mastercard.ess.eds.batch.decider.BillingDecider" />

	<bean id="updateBillingContextTasklet"
		class="com.mastercard.ess.eds.batch.tasklet.UpdateBillingContextTasklet"
		scope="step">
		<property name="billRunMode" value="#{jobParameters['runMode']}"></property>
		<property name="executionContext"
			value="#{stepExecution.jobExecution.executionContext}"></property>
	</bean>

</beans>

