<?xml version="1.0" encoding="UTF-8"?>

<beans xmlns="http://www.springframework.org/schema/beans"
	xmlns:batch="http://www.springframework.org/schema/batch" xmlns:jdbc="http://www.springframework.org/schema/jdbc"
	xmlns:xsi="http://www.w3.org/2001/XMLSchema-instance" xmlns:context="http://www.springframework.org/schema/context"
	xmlns:task="http://www.springframework.org/schema/task" xmlns:util="http://www.springframework.org/schema/util"
	xsi:schemaLocation="http://www.springframework.org/schema/jdbc http://www.springframework.org/schema/jdbc/spring-jdbc.xsd
		http://www.springframework.org/schema/beans http://www.springframework.org/schema/beans/spring-beans.xsd
		http://www.springframework.org/schema/batch http://www.springframework.org/schema/batch/spring-batch.xsd
		http://www.springframework.org/schema/context http://www.springframework.org/schema/context/spring-context.xsd
		http://www.springframework.org/schema/task  http://www.springframework.org/schema/task/spring-task.xsd
		http://www.springframework.org/schema/util http://www.springframework.org/schema/util/spring-util.xsd">

	<batch:job id="welcomeEmailJob">
		<batch:step id="welcomeIcaMailStep" next="welcomeEventSubscriptionMailStep">
			<batch:tasklet ref="welcomeIcaMailTasklet" />
		</batch:step>
		<batch:step id="welcomeEventSubscriptionMailStep">
			<batch:tasklet ref="welcomeEventSubscriptionMailTasklet"/>
		</batch:step>
	</batch:job>

	<bean id="welcomeIcaMailTasklet"
		class="com.mastercard.ess.eds.batch.tasklet.WelcomeIcaMailTasklet">
	</bean>
	
	<bean id="welcomeEventSubscriptionMailTasklet"
		class="com.mastercard.ess.eds.batch.tasklet.WelcomeEventSubscriptionMailTasklet">
	</bean>
		
</beans>
		