<?xml version="1.0" encoding="UTF-8"?>

<beans xmlns="http://www.springframework.org/schema/beans"
	xmlns:batch="http://www.springframework.org/schema/batch" xmlns:jdbc="http://www.springframework.org/schema/jdbc"
	xmlns:xsi="http://www.w3.org/2001/XMLSchema-instance" xmlns:context="http://www.springframework.org/schema/context"
	xmlns:task="http://www.springframework.org/schema/task" xmlns:util="http://www.springframework.org/schema/util"
	xsi:schemaLocation="http://www.springframework.org/schema/jdbc http://www.springframework.org/schema/jdbc/spring-jdbc.xsd
		http://www.springframework.org/schema/beans http://www.springframework.org/schema/beans/spring-beans.xsd
		http://www.springframework.org/schema/batch http://www.springframework.org/schema/batch/spring-batch.xsd
		http://www.springframework.org/schema/context http://www.springframework.org/schema/context/spring-context.xsd
		http://www.springframework.org/schema/task  http://www.springframework.org/schema/task/spring-task.xsd
		http://www.springframework.org/schema/util http://www.springframework.org/schema/util/spring-util.xsd">

	<batch:job id="vendorReportJob">
		<batch:step id="vendorActiveAccountReportGenerationMasterStep">
			<partition partitioner="vendorActiveAccountReportGenerationPartitioner" handler="vendorReportHandler">
				<!--  <handler grid-size="5" task-executor="vendorActiveAccountReportTaskExecutor" step="generatevendorActiveAccountReport"/>-->
			</partition>
			<batch:next on="COMPLETED" to="sendVendorReport" />
		</batch:step>

		<batch:step id="sendVendorReport">
			<batch:tasklet ref ="emailvendorReportTasklet">
			</batch:tasklet>
		</batch:step>
 	</batch:job>
 	
 	
 	<bean id="vendorReportHandler" class="org.springframework.batch.core.partition.support.TaskExecutorPartitionHandler" scope="step">
		<property name="taskExecutor" ref="vendorActiveAccountReportTaskExecutor"></property>
		<property name="step" ref="generatevendorActiveAccountReport"></property>
		<property name="gridSize" value="5"></property>
	</bean>
 	

	<bean id="emailvendorReportTasklet" class="com.mastercard.ess.eds.core.util.EmailvendorReportTasklet">
	</bean>

	<bean id="emailvendorActiveAccountReportListener"
		class="com.mastercard.ess.eds.batch.listener.VendorActiveAccountReportMailListener">
	</bean>

	<batch:step id="generatevendorActiveAccountReport">
		<tasklet>
			<chunk reader="vendorActiveAccountReportReader" writer="vendorActiveAccountReportWriter" commit-interval="35" />
		</tasklet>
	</batch:step>

	<bean id="vendorActiveAccountReportGenerationPartitioner"
		class="com.mastercard.ess.eds.batch.partitioner.VendorActiveAccountReportGenerationPartitioner" scope="step" />

	<bean id="vendorActiveAccountReportReader"
		class="org.springframework.batch.item.database.JdbcCursorItemReader"
		scope="step">
		<property name="dataSource" ref="edsDataSource" />
			<property name="sql">
				<value>
					select d.summaryDate summaryDate, NVL(rc,0)  receivedCount,
                    (select count(distinct eds_src_data_id) from eds_prcss_data where ACCT_VALID_SW = 'Y' and PAN_DUP_SW = 'N' and BRND_PRDCT_CD not in (select distinct(BRND_PRDCT_CD) from  EDS_EXCLD_BRND_PRCT) and eds_src_data_id in (select data.eds_src_data_id from eds_src_data data, eds_src src, eds_src_type type where data.eds_src_id = src.eds_src_id and src.eds_src_type_id = type.eds_src_type_id and type.PRVDR_NAM = '#{stepExecutionContext[vendor]}' and to_char(data.crte_dt,'MM/DD/YYYY') = d.summaryDate)) as uniqueCount,
                    (select count(distinct eds_src_data_id) from eds_prcss_data where ACCT_VALID_SW = 'Y' and PAN_DUP_SW = 'N' and BRND_PRDCT_CD not in (select distinct(BRND_PRDCT_CD) from  EDS_EXCLD_BRND_PRCT) and DAYS_SINCE_LST_ACTVY_CNT &lt;= 90 and eds_src_data_id in (select data.eds_src_data_id from eds_src_data data, eds_src src, eds_src_type type where data.eds_src_id = src.eds_src_id and src.eds_src_type_id = type.eds_src_type_id and type.PRVDR_NAM = '#{stepExecutionContext[vendor]}' and to_char(data.crte_dt,'MM/DD/YYYY') = d.summaryDate)) as activeCount,
                    (select count(distinct eds_src_data_id) from eds_prcss_data where ACCT_VALID_SW = 'Y'   and PAN_DUP_SW = 'N' and BRND_PRDCT_CD not in (select distinct(BRND_PRDCT_CD) from  EDS_EXCLD_BRND_PRCT) AND (DAYS_SINCE_LST_ACTVY_CNT &gt; 90 OR DAYS_SINCE_LST_ACTVY_CNT is NULL) and eds_src_data_id in (select data.eds_src_data_id from eds_src_data data, eds_src src, eds_src_type type where data.eds_src_id = src.eds_src_id and src.eds_src_type_id = type.eds_src_type_id and type.PRVDR_NAM = '#{stepExecutionContext[vendor]}' and to_char(data.crte_dt,'MM/DD/YYYY') = d.summaryDate)) as inactiveCount
                    from 
                    (select to_char( add_months(trunc(sysdate,'MM'),-1) + level - 1, 'MM/DD/YYYY' ) as summaryDate
                          from dual            
                        connect by level &lt;= last_day(add_months(trunc(sysdate,'MM'),-1)) - add_months(trunc(sysdate,'MM'), -1) + 1 ) d 
                        left outer join 
                        (select count (*) rc, to_char(eds_src_data.crte_dt, 'MM/DD/YYYY') as crte_date from eds_src_data                        
                        inner join eds_src on  eds_src_data.eds_src_id = eds_src.eds_src_id
                        inner join eds_src_type on eds_src.eds_src_type_id = eds_src_type.eds_src_type_id
                        and eds_src_type.PRVDR_NAM = '#{stepExecutionContext[vendor]}'                      
                        group by to_char(eds_src_data.crte_dt, 'MM/DD/YYYY')                        
                        ) summary
                        on d.summaryDate = crte_date
                        order by d.summaryDate asc
				</value>		
			</property>

		<property name="rowMapper">
			<bean class="com.mastercard.ess.eds.core.mapper.VendorReportRowMapper" scope="step"/>
		</property>
	</bean>

	<bean id="vendorActiveAccountReportWriter"
		class="com.mastercard.ess.eds.batch.writer.VendorActiveAccountReportGenerationItemWriter"
		scope="step">
		<property name="jobInstanceId" value="#{stepExecution.jobExecution.jobId}"></property>
		<property name="jobInstanceName" value="#{stepExecution.jobExecution.jobInstance.jobName}"></property>
		<property name="vendorName" value="#{stepExecutionContext[vendor]}"></property>
		<property name="prevMonthName" value="#{stepExecutionContext[month]}"></property>
	</bean>

	<bean id="vendorActiveAccountReportGenerationScheduler"
		class="com.mastercard.ess.eds.batch.scheduler.VendorActiveAccountReportGenerationScheduler">
	</bean>

	<!-- <task:scheduled-tasks>
		<task:scheduled ref="vendorActiveAccountReportGenerationScheduler" method="run"
			cron="#{schedulerProperties['vendorReportScheduler.cron.expression']}" />
	</task:scheduled-tasks> -->
	
	
	<bean id="vendorActiveAccountReportTaskExecutor"
		class="org.springframework.scheduling.concurrent.ThreadPoolTaskExecutor">
		<property name="corePoolSize" value="3" />
		<property name="maxPoolSize" value="3" />
		<property name="allowCoreThreadTimeOut" value="true" />
	</bean>

</beans>
		