<?xml version='1.0' encoding='utf-8'?>
<!DOCTYPE hibernate-configuration PUBLIC
"-//Hibernate/Hibernate Configuration DTD 3.0//EN"
"http://hibernate.sourceforge.net/hibernate-configuration-3.0.dtd">

<hibernate-configuration>
    <session-factory>
        <property name="hibernate.connection.driver_class">org.hibernate.dialect.OracleDialect</property>
		<property name="hibernate.dialect">org.hibernate.dialect.Oracle10gDialect</property>
		<property name="hibernate.connection.datasource">java:jboss/edsDataSource</property>
		<property name="hibernate.current_session_context_class">thread</property>
		<property name="hibernate.show_sql">true</property>
		<property name="hibernate.hbm2ddl.auto">none</property>		
        <mapping class="com.mastercard.ess.eds.model.CPPRules"/>
        <mapping class="com.mastercard.ess.eds.model.Event"/>
        <mapping class="com.mastercard.ess.eds.model.EDSSourceType"/>
        <mapping class="com.mastercard.ess.eds.model.EDSCustMaster"/>
        <mapping class="com.mastercard.ess.eds.model.EventSubscription"/>
        <mapping class="com.mastercard.ess.eds.model.EDSMemberHier"/>
        <mapping class="com.mastercard.ess.eds.model.EventSubscriptionHist"/>
        <mapping class="com.mastercard.ess.eds.model.Country"/>
        <mapping class="com.mastercard.ess.eds.model.CPPSimData"/>
        <mapping class="com.mastercard.ess.eds.model.EDSCustMasterHistory"/>
        <mapping class="com.mastercard.ess.eds.model.CPPRulesHist"/>
		<mapping class="com.mastercard.ess.eds.model.BillICALimit"/>
		<mapping class ="com.mastercard.ess.eds.model.BatchJobInstance"/>
		<mapping class ="com.mastercard.ess.eds.model.BatchJobExecution"/>
		        
    </session-factory>
</hibernate-configuration>


