<?xml version='1.0' encoding='utf-8'?>
<!DOCTYPE hibernate-configuration PUBLIC
"-//Hibernate/Hibernate Configuration DTD 3.0//EN"
"http://hibernate.sourceforge.net/hibernate-configuration-3.0.dtd">

<hibernate-configuration>
    <session-factory>
        <property name="hibernate.connection.driver_class">oracle.jdbc.OracleDriver</property>
        <property name="hibernate.dialect">org.hibernate.dialect.Oracle10gDialect</property>
       <!--  <property name="hibernate.connection.datasource">java:jboss/OracleIntegration</property> -->
       	<property name="hibernate.connection.url">jdbc:oracle:thin:@ech-10-157-136-233.mastercard.int:1527:RDS</property>
       	<property name="hibernate.connection.username">RDS_OWNER</property>
       	<property name="hibernate.connection.password">RDS_OWNER</property>
        <property name="hibernate.current_session_context_class">thread</property>
        <property name="hibernate.show_sql">true</property>
        <property name="hibernate.hbm2ddl.auto">none</property>
        
        <mapping class="com.mastercard.ess.eds.representations.Country"/>
        
        </session-factory>
</hibernate-configuration>
