
<assembly
	xmlns="http://maven.apache.org/plugins/maven-assembly-plugin/assembly/1.1.0"
	xmlns:xsi="http://www.w3.org/2001/XMLSchema-instance"
	xsi:schemaLocation="http://maven.apache.org/plugins/maven-assembly-plugin/assembly/1.1.0 http://maven.apache.org/xsd/assembly-1.1.0.xsd">
	<id>bin</id>
	<formats>
		<format>zip</format>
	</formats>
	<fileSets>
		<fileSet>
			<directory>src/main/resources/bin/common</directory>
			<outputDirectory>bin</outputDirectory>
			<includes>
				<include>*.sh</include>
			</includes>
			<lineEnding>unix</lineEnding>
		</fileSet>
		<fileSet>
			<directory>src/main/resources/configs</directory>
			<outputDirectory>configs</outputDirectory>
			<lineEnding>unix</lineEnding>
		</fileSet>
		<fileSet>
			<directory>src/main/resources/syncsort/jobs</directory>
			<outputDirectory>jobs</outputDirectory>
			<includes>
				<include>*</include>
			</includes>
			<lineEnding>unix</lineEnding>
		</fileSet>
		<!-- Copy all .xml files from location 'src/main/resources/META-INF/spring' 
			to 'configs/META-INF/spring' while creating a EDSCore.zip build -->

		<fileSet>
			<directory>src/main/resources/META-INF/spring</directory>
			<outputDirectory>configs/META-INF/spring</outputDirectory>
			<includes>
				<include>*.xml</include>
			</includes>
			<lineEnding>unix</lineEnding>
		</fileSet>
	</fileSets>
	<dependencySets>
		<dependencySet>
			<outputDirectory>lib</outputDirectory>
			<useProjectArtifact>true</useProjectArtifact>
			<scope>runtime</scope>
		</dependencySet>
	</dependencySets>
</assembly>